dc_key,dispatch_date,dispatch_time,location_block,text_general_code
202112018994,2021-03-19,10:41:04,4500 BLOCK ISLAND AV,Thefts
202115013539,2021-02-25,16:44:00,E ROOSEVELT BLVD  /  WHITAKER AV,Motor Vehicle Theft
202124019454,2021-03-25,22:33:54,3100 BLOCK FRANKFORD AV,Weapon Violations
202135000451,2021-01-02,18:57:00,N PARK AV  /  CHELTEN AV,Motor Vehicle Theft
202119014625,2021-03-16,00:07:48,5900 BLOCK SPRING ST,Vandalism/Criminal Mischief
202102007312,2021-02-22,13:56:30,1000 BLOCK COMLY ST,Other Assaults
202102010539,2021-03-15,18:56:00,5500 BLOCK HILL CREEK CIR,Other Assaults
202122015111,2021-03-16,08:35:00,2900 BLOCK W ARIZONA ST,Vandalism/Criminal Mischief
202103000325,2021-01-03,00:19:32,0 BLOCK OREGON AV,Motor Vehicle Theft
202114014735,2021-03-21,14:12:57,0 BLOCK E MOUNT PLEASANT AV,All Other Offenses
202119056579,2021-10-12,16:31:00,5300 BLOCK LEBANON AV,Theft from Vehicle
202119017587,2021-03-29,08:42:00,5400 BLOCK ARCH ST,Theft from Vehicle
202139018868,2021-04-10,15:20:00,4500 BLOCK WAYNE AV,Narcotic / Drug Law Violations
202122018659,2021-04-01,11:09:00,1800 BLOCK N BOUVIER ST,Motor Vehicle Theft
202112019626,2021-03-21,20:22:48,7200 BLOCK SAYBROOK AV,Other Assaults
202135061835,2021-09-10,18:00:00,500 BLOCK W OLNEY AV,Other Assaults
202135021059,2021-03-19,20:09:31,5900 BLOCK N BROAD ST,Thefts
202118018534,2021-04-05,15:29:00,4600 BLOCK PASCHALL AV,Motor Vehicle Theft
202103008729,2021-02-25,16:32:00,600 BLOCK OREGON AVE,Motor Vehicle Theft
202112022269,2021-03-31,22:31:00,5400 BLOCK WARRINGTON AV,All Other Offenses
202115007460,2021-01-29,17:12:41,5400 BLOCK Discher St,Fraud
202124007125,2021-01-30,09:08:00,1800 BLOCK TORRESDALE AV,Thefts
202122006300,2021-02-01,14:08:00,2100 BLOCK N 33RD ST,Vandalism/Criminal Mischief
202122059742,2021-09-27,21:02:00,W NORRIS ST & N LAMBERT ST ,Arson
202108007409,2021-03-12,16:30:00,2900 BLOCK HOLME AVE,Other Assaults
202139013036,2021-03-13,01:12:56,3700 BLOCK N 19TH ST,Other Assaults
202139013718,2021-03-16,19:51:00,1700 BLOCK DOUNTON ST,Vandalism/Criminal Mischief
202117006972,2021-03-17,16:29:15,2300 BLOCK Federal St,All Other Offenses
202102011436,2021-03-22,01:11:14,6100 BLOCK LARGE ST,DRIVING UNDER THE INFLUENCE
202112012562,2021-02-22,09:42:00,5700 BLOCK WOODLAND AVE,All Other Offenses
202122021849,2021-04-15,17:05:00,2000 BLOCK W OXFORD ST,Other Assaults
202119057147,2021-10-15,11:49:00,5400 BLOCK POPLAR ST,Other Assaults
202119002450,2021-01-13,20:12:07,5300 BLOCK W OXFORD ST,Other Assaults
202139015501,2021-03-25,19:52:47,3300 BLOCK FOX ST,Narcotic / Drug Law Violations
202102015614,2021-04-17,12:21:00,800 BLOCK BRILL ST,Vandalism/Criminal Mischief
202102013091,2021-03-31,20:35:00,5900 BLOCK LORETTO AV,All Other Offenses
202115021345,2021-03-27,01:06:19,4200 BLOCK E CHELTENHAM AV,Vandalism/Criminal Mischief
202118023637,2021-04-30,11:23:00,0 BLOCK S 61ST ST,Vandalism/Criminal Mischief
202115020481,2021-03-24,04:29:55,2800 BLOCK LEVICK ST,Other Assaults
202139021477,2021-04-23,19:06:00,1800 BLOCK W VENANGO ST,Theft from Vehicle
202103033270,2021-07-18,21:51:00,0 BLOCK MIFFLIN ST,Thefts
202124025669,2021-04-20,20:44:00,1900 BLOCK E MADISON ST,Other Assaults
202135026092,2021-04-08,17:29:00,6600 BLOCK Ogontz Ave,Motor Vehicle Theft
202101004146,2021-03-12,14:18:00,1800 BLOCK MOORE ST,Vandalism/Criminal Mischief
202106008203,2021-03-01,14:09:53,400 BLOCK N 5TH ST,Thefts
202124017862,2021-03-19,12:57:55,1800 BLOCK E TIOGA ST,Aggravated Assault No Firearm
202122015181,2021-03-16,15:24:00,900 BLOCK W COLLEGE AVE,Other Assaults
202116005874,2021-02-18,18:05:27,S 46TH ST  /  MARKET ST,Robbery Firearm
202106035789,2021-09-01,23:19:00,N 2ND ST  & SPRING GARDEN ST ,Aggravated Assault No Firearm
202118008326,2021-02-13,11:21:00,700 BLOCK S 58TH ST,Motor Vehicle Theft
202102008253,2021-02-28,18:01:00,7600 BLOCK E ROOSEVELT BLVD,Thefts
202106011437,2021-03-23,20:40:23,200 BLOCK ARCH ST,Other Assaults
202125023297,2021-04-18,19:59:00,500 BLOCK W LEHIGH AV,Robbery Firearm
202109008292,2021-03-23,22:52:00,1400 BLOCK FAIRMOUNT AV,All Other Offenses
202102011630,2021-03-23,15:08:00,900 BLOCK PRATT ST,Other Assaults
202135023191,2021-03-28,02:52:43,4600 BLOCK N CAMAC ST,Other Assaults
202125012333,2021-03-01,08:27:48,400 BLOCK E LOUDON ST,Robbery Firearm
202108006323,2021-03-02,07:11:00,3800 BLOCK PEARSON AVE,Vandalism/Criminal Mischief
202124013375,2021-03-01,09:42:59,2300 BLOCK E WESTMORELAND ST,Theft from Vehicle
202124010467,2021-02-14,16:38:14,3500 BLOCK KENSINGTON AV,Aggravated Assault No Firearm
202177000637,2021-02-14,14:39:00,0 BLOCK PIA WAY,Thefts
202177000858,2021-03-01,08:07:00,0 BLOCK PIA WAY,Thefts
202107000704,2021-01-10,02:52:00,1200 BLOCK BYBERRY RD,DRIVING UNDER THE INFLUENCE
202177001664,2021-04-18,11:41:00,PIA TERMINAL @ 98 PIA WAY ,Thefts
202125009436,2021-02-14,19:18:36,900 BLOCK W LUZERNE ST,Robbery Firearm
202126006443,2021-03-02,11:53:00,1400 BLOCK GERMANTOWN AVE 201,All Other Offenses
202112057938,2021-09-03,21:24:00,5400 BLOCK REGENT ST,Other Assaults
202126013313,2021-04-23,11:56:00,1000 BLOCK N DELAWARE AV,Theft from Vehicle
202114005130,2021-01-30,11:08:16,1000 BLOCK E MOUNT AIRY AV C12,Aggravated Assault Firearm
202126013224,2021-04-22,12:57:00,1000 BLOCK N DELAWARE AV,Theft from Vehicle
202102008527,2021-03-02,19:47:35,6800 BLOCK SYLVESTER ST,Vandalism/Criminal Mischief
202108006081,2021-02-28,07:41:58,12300 BLOCK ACADEMY RD,Thefts
202124002119,2021-01-10,00:31:00,3800 BLOCK M ST,Vandalism/Criminal Mischief
202139012907,2021-03-12,17:29:00,4400 BLOCK N CLEVELAND ST,Vandalism/Criminal Mischief
202122014227,2021-03-12,08:40:26,1300 BLOCK N 10TH ST,All Other Offenses
202124013242,2021-02-28,12:30:27,2800 BLOCK CASTOR AV,Robbery Firearm
202118014869,2021-03-19,08:20:19,500 BLOCK S 54TH ST,Aggravated Assault No Firearm
202114015157,2021-03-23,16:33:09,0 BLOCK W HAINES ST,All Other Offenses
202102014215,2021-04-08,09:33:00,7600 BLOCK CENTRAL AV,Motor Vehicle Theft
202118045900,2021-08-20,18:31:00,5600 BLOCK RODMAN ST,Fraud
202139001617,2021-01-10,10:27:25,3100 BLOCK N ROSEWOOD ST,Fraud
202139012929,2021-03-12,18:37:39,2900 BLOCK W CLEMENTINE ST,Other Assaults
202106006728,2021-02-19,00:57:29,0 BLOCK DOCK ST,Robbery No Firearm
202116012198,2021-04-08,01:23:00,3300 BLOCK FAIRMOUNT AV,Motor Vehicle Theft
202109006934,2021-03-12,21:53:00,1500 BLOCK SPRUCE ST,Vandalism/Criminal Mischief
202106006650,2021-02-18,08:33:12,500 BLOCK SPRING GARDEN ST,Thefts
202109004259,2021-02-14,17:55:00,1500 BLOCK SPRUCE ST,Thefts
202115022054,2021-03-29,15:10:00,1300 BLOCK ARROTT ST,Thefts
202112018130,2021-03-16,03:59:15,6400 BLOCK WOODLAND AV,All Other Offenses
202124022493,2021-04-07,15:53:00,3000 BLOCK N WATER ST,Motor Vehicle Theft
202105005623,2021-04-30,07:11:00,5800 BLOCK RIDGE AV,Vandalism/Criminal Mischief
202135026060,2021-04-08,15:11:00,5600 BLOCK N 12th St,Motor Vehicle Theft
202124019013,2021-03-24,10:43:36,200 BLOCK E MAYFIELD ST,Narcotic / Drug Law Violations
202118013534,2021-03-12,20:31:59,4300 BLOCK CHESTNUT ST,Vandalism/Criminal Mischief
202115014716,2021-03-02,16:01:00,4600 BLOCK LANSING ST,Vandalism/Criminal Mischief
202115028995,2021-04-23,21:18:00,4600 BLOCK E ROOSEVELT BLVD,Rape
202126008641,2021-03-19,07:57:10,2600 BLOCK KENSINGTON AV,Thefts
202112019096,2021-03-19,17:24:00,6700 BLOCK NORWITCH DR,Motor Vehicle Theft
202114021550,2021-04-27,13:02:00,8400 BLOCK TEMPLE RD,Other Assaults
202116005302,2021-02-14,04:31:10,4800 BLOCK BROWN ST,Aggravated Assault No Firearm
202114014044,2021-03-17,21:20:09,1100 BLOCK SYDNEY ST,Fraud
202125018165,2021-03-27,00:08:00,500 BLOCK RISING SUN AVE,Vandalism/Criminal Mischief
202106015147,2021-04-18,09:27:00,1300 BLOCK CHESTNUT ST,Aggravated Assault No Firearm
202103018290,2021-04-22,21:18:00,0 BLOCK MIFFLIN ST,Thefts
202139010705,2021-03-01,17:00:36,5500 BLOCK WISSAHICKON AV,Theft from Vehicle
202115056213,2021-07-31,15:20:00,4600 BLOCK E ROOSEVELT BLVD,Aggravated Assault Firearm
202101001728,2021-01-30,18:35:00,2200 BLOCK OREGON AV,Thefts
202139010699,2021-03-01,16:21:40,2800 BLOCK FOX ST,Thefts
202112024258,2021-04-08,07:38:00,6300 BLOCK KINGSESSING AV,Motor Vehicle Theft
202124018801,2021-03-23,13:17:55,900 BLOCK E RUSSELL ST,Fraud
202125022729,2021-04-16,07:33:00,1300 BLOCK COLWYN ST,All Other Offenses
202112014743,2021-03-02,19:14:19,2900 BLOCK S FELTON ST,Other Assaults
202102006205,2021-02-14,10:42:18,7300 BLOCK BUSTLETON AV,Robbery Firearm
202126030356,2021-09-01,11:15:00,2500 BLOCK SEPVIVA ST,Thefts
202112018888,2021-03-18,20:10:00,1300 BLOCK S 58TH ST,Fraud
202118015068,2021-03-19,23:57:00,3400 BLOCK MARKET ST,Robbery Firearm
202122022968,2021-04-20,22:12:00,2100 BLOCK N 23RD ST,Weapon Violations
202114014979,2021-03-22,18:19:15,5600 BLOCK BOYER ST,Fraud
202122020386,2021-04-08,19:57:00,1500 BLOCK N 17TH ST,Motor Vehicle Theft
202122043018,2021-07-18,19:48:00,2000 BLOCK N BROAD ST,Thefts
202139015711,2021-03-26,18:36:58,3400 BLOCK CAPITAL VIEW DR,Other Assaults
202126007749,2021-03-11,19:52:16,1400 BLOCK N 5TH ST,Vandalism/Criminal Mischief
202119013852,2021-03-12,05:30:00,1400 BLOCK N 54TH ST,Vandalism/Criminal Mischief
202124022814,2021-04-08,17:31:00,3800 BLOCK KENSINGTON AV,Motor Vehicle Theft
202139018359,2021-04-08,08:59:00,1800 BLOCK W BUTLER ST,Motor Vehicle Theft
202125010227,2021-02-18,16:14:23,1300 BLOCK W GLENWOOD AV,Robbery No Firearm
202115027057,2021-04-16,12:10:00,1300 BLOCK E CHELTENHAM AV,Other Assaults
202118019276,2021-04-08,18:51:00,4500 BLOCK MARKET ST,Motor Vehicle Theft
202125016621,2021-03-20,09:18:00,4600 BLOCK N 6TH ST,Motor Vehicle Theft
202115014327,2021-03-01,08:09:30,TYSON AV  /  E ROOSEVELT BLVD,Thefts
202119015177,2021-03-18,15:52:00,1100 BLOCK N 65TH ST,Other Assaults
202115012561,2021-02-21,12:25:00,3000 BLOCK TEESDALE ST,Theft from Vehicle
202135015433,2021-02-28,18:43:00,5300 BLOCK RISING SUN AVE,Thefts
202112018128,2021-03-16,03:26:00,1600 BLOCK S YEWDALL ST,All Other Offenses
202109022486,2021-07-18,16:10:00,500 BLOCK N 18TH ST,Theft from Vehicle
202124026860,2021-04-26,09:45:00,2400 BLOCK E VENANGO ST,Theft from Vehicle
202102014352,2021-04-09,00:04:00,2200 BLOCK COTTMAN AV,Motor Vehicle Theft
202135053352,2021-07-31,11:29:00,5900 BLOCK N BROAD ST,Aggravated Assault No Firearm
202116010206,2021-03-23,14:38:57,700 BLOCK N 40TH ST,Fraud
202122015206,2021-03-16,17:54:21,N 24TH ST  /  JEFFERSON ST,Weapon Violations
202112024410,2021-04-08,17:47:00,6400 BLOCK BUIST AV,Motor Vehicle Theft
202101006490,2021-04-18,18:24:00,1400 BLOCK PATTISON AV,Aggravated Assault Firearm
202135013208,2021-02-21,15:31:00,5100 BLOCK N 10TH ST,Aggravated Assault No Firearm
202106010426,2021-03-16,14:52:08,900 BLOCK MARKET ST,Arson
202119020022,2021-04-09,17:28:00,1400 BLOCK N 52ND ST,Other Assaults
202109031155,2021-09-24,17:01:00,1500 BLOCK CHESTNUT ST,Aggravated Assault Firearm
202122043055,2021-07-18,21:46:00,2300 BLOCK N 15TH ST,Robbery Firearm
202114016167,2021-03-28,16:40:49,0 BLOCK E MOUNT PLEASANT AV,All Other Offenses
202122015931,2021-03-20,05:14:00,1600 BLOCK N 17TH ST,Motor Vehicle Theft
202124011226,2021-02-18,17:13:54,2700 BLOCK BOUDINOT ST,Burglary Residential
202102012419,2021-03-28,16:14:19,2400 BLOCK BLEIGH AV,Narcotic / Drug Law Violations
202115025383,2021-04-10,00:59:00,2100 BLOCK SCATTERGOOD ST,All Other Offenses
202103013078,2021-03-23,10:58:00,1700 BLOCK S 5TH ST,All Other Offenses
202125016630,2021-03-20,10:57:00,3200 BLOCK N MARSHALL ST,Motor Vehicle Theft
202109012115,2021-04-26,23:48:00,PENNSYLVANIA AV  & PENNOCK ST ,Robbery Firearm
202101006857,2021-04-25,13:15:00,1700 BLOCK W Moyamensing Ave,Robbery No Firearm
202106003917,2021-01-30,01:44:33,400 BLOCK N 5TH ST,Burglary Non-Residential
202135026031,2021-04-08,12:55:00,200 BLOCK W CHAMPLOST AV,Motor Vehicle Theft
202109010873,2021-04-15,13:59:00,2200 BLOCK SUMMER ST,Burglary Residential
202109011835,2021-04-15,13:59:00,2200 BLOCK SUMMER ST,Burglary Residential
202114005109,2021-01-30,10:08:00,600 BLOCK E CHELTEN AVE,Thefts
202125021162,2021-04-09,00:58:00,2900 BLOCK N 6TH ST,Motor Vehicle Theft
202105005432,2021-04-26,23:00:00,8200 BLOCK HENRY AV,Thefts
202118022881,2021-04-27,11:01:00,5800 BLOCK MONTROSE ST,All Other Offenses
202105005414,2021-04-26,15:08:00,7900 BLOCK HENRY AV,Thefts
202107002347,2021-01-30,12:10:56,11000 BLOCK E ROOSEVELT BLVD,Thefts
202107002348,2021-01-30,12:47:35,11000 BLOCK E ROOSEVELT BLVD,Thefts
202107002383,2021-01-30,17:17:18,11000 BLOCK E ROOSEVELT BLVD,Thefts
202102010999,2021-03-19,07:25:00,6500 BLOCK CRANFORD AVE,Theft from Vehicle
202126011385,2021-04-08,14:22:00,1700 BLOCK FRANKFORD AV,Motor Vehicle Theft
202135025996,2021-04-08,10:12:00,1400 BLOCK CONLYN ST,Motor Vehicle Theft
202122001900,2021-01-10,13:42:00,2300 BLOCK N PARK AVE,Other Assaults
202177004566,2021-09-10,18:56:00,0 BLOCK PIA WAY,Thefts
202177004567,2021-09-10,19:54:00,0 BLOCK PIA WAY,Thefts
202112011842,2021-02-18,19:16:00,2600 BLOCK S 67TH ST,Thefts
202114009338,2021-02-21,17:03:41,0 BLOCK TOHOPEKA LA,Theft from Vehicle
202177004563,2021-09-10,17:34:00,0 BLOCK PIA WAY,Thefts
202118001964,2021-01-11,11:22:19,4400 BLOCK WALNUT ST,All Other Offenses
202115019064,2021-03-19,06:54:44,7700 BLOCK FRANKFORD AV,Thefts
202139014297,2021-03-19,21:32:52,4400 BLOCK GREENE ST,Theft from Vehicle
202112014593,2021-03-02,09:38:10,6100 BLOCK WHEELER ST,Vandalism/Criminal Mischief
202102011611,2021-03-23,11:48:24,6700 BLOCK LARGE ST,Fraud
202126013294,2021-04-23,07:25:00,900 BLOCK N FRONT ST,Theft from Vehicle
202119021915,2021-04-18,20:04:00,4700 BLOCK W GIRARD AV,Thefts
202122008373,2021-02-12,13:29:00,3100 BLOCK CLIFFORD ST,Motor Vehicle Theft
202117007768,2021-03-24,22:08:21,2200 BLOCK REED ST,Weapon Violations
202115010772,2021-02-13,08:02:19,5200 BLOCK FRANKFORD AV,Thefts
202108007174,2021-03-10,10:51:38,2400 BLOCK WELSH RD,Fraud
202102004103,2021-01-30,14:39:00,7400 BLOCK BUSTLETON AVE,Thefts
202135002741,2021-01-11,15:12:17,4500 BLOCK N 19TH ST,Other Assaults
202106006078,2021-02-14,11:14:00,1200 BLOCK WALNUT ST,Thefts
202106015178,2021-04-18,15:32:00,600 BLOCK N FRONT ST,Thefts
202117007628,2021-03-23,17:52:00,1000 BLOCK S BROAD ST,All Other Offenses
202109007379,2021-03-16,22:41:00,1400 BLOCK RIDGE AV,All Other Offenses
202102014238,2021-04-08,10:50:00,7600 BLOCK Whitaker St,Motor Vehicle Theft
202118014295,2021-03-16,15:22:00,N 34TH ST  /  MARKET ST,Thefts
202107006950,2021-03-23,17:15:51,300 BLOCK TYLER CT,Fraud
202109007815,2021-03-20,13:04:59,0 BLOCK S BROAD ST,Other Assaults
202125001935,2021-01-10,09:48:12,4200 BLOCK N REESE ST,Fraud
202124016227,2021-03-12,16:15:32,3000 BLOCK POTTER ST,Other Assaults
202125014820,2021-03-12,02:25:00,300 BLOCK E WYOMING AV,All Other Offenses
202118008543,2021-02-14,18:47:00,5600 BLOCK CHESTNUT ST,Thefts
202124015804,2021-03-10,20:50:00,3700 BLOCK L ST,Other Assaults
202103033201,2021-07-18,16:15:00,2100 BLOCK S 10th Phila,Robbery No Firearm
202103019492,2021-04-29,10:48:00,800 BLOCK MORRIS ST,Vandalism/Criminal Mischief
202102011649,2021-03-23,17:10:20,5900 BLOCK COLGATE ST,Vandalism/Criminal Mischief
202106007104,2021-02-21,18:53:00,1100 BLOCK WOOD ST,Theft from Vehicle
202135023407,2021-03-29,08:26:57,5600 BLOCK OGONTZ AV,Aggravated Assault No Firearm
202139007714,2021-02-12,23:51:00,4500 BLOCK MORRIS ST,Motor Vehicle Theft
202115014321,2021-03-01,07:26:00,7700 BLOCK FRANKFORD AVE,Thefts
202105005380,2021-04-25,18:41:00,400 BLOCK HERMIT ST,Theft from Vehicle
202106040176,2021-09-30,01:44:00,1100 BLOCK LUDLOW ST,Other Assaults
202103009543,2021-03-02,11:10:31,800 BLOCK GREENWICH ST,Vandalism/Criminal Mischief
202119016303,2021-03-23,16:04:47,7600 BLOCK BRENTWOOD RD,Fraud
202103018098,2021-04-21,14:21:00,200 BLOCK MOORE ST,Fraud
202139001861,2021-01-11,20:21:37,2100 BLOCK W CAMBRIA ST,Weapon Violations
202116035347,2021-10-13,17:44:00,100 BLOCK N 48TH ST,Vandalism/Criminal Mischief
202106006143,2021-02-14,20:50:38,400 BLOCK N 5TH ST,Thefts
202117019018,2021-07-18,16:55:00,1800 BLOCK SOUTH ST,Thefts
202109007312,2021-03-16,11:14:00,1500 BLOCK RANSTEAD ST,All Other Offenses
202124002487,2021-01-11,17:22:48,4100 BLOCK MAYWOOD ST,Fraud
202125009424,2021-02-14,18:42:00,700 BLOCK W LEHIGH AV,Thefts
202119016257,2021-03-23,13:13:00,0 BLOCK N 52ND ST,All Other Offenses
202119016450,2021-03-24,10:18:00,0 BLOCK N 52ND ST,All Other Offenses
202114011133,2021-03-02,08:40:33,0 BLOCK E DUVAL ST,Other Assaults
202115017463,2021-03-12,19:19:00,1600 BLOCK FILLMORE ST,All Other Offenses
202103011367,2021-03-12,20:50:24,1700 BLOCK S 5TH ST,Fraud
202118014374,2021-03-16,22:47:00,4500 BLOCK SANSOM ST,All Other Offenses
202108006340,2021-03-02,11:18:25,3400 BLOCK FITLER ST,Fraud
202114017787,2021-04-06,09:21:00,100 BLOCK W CHELTEN AV,Motor Vehicle Theft
202122020446,2021-04-09,01:24:00,3300 BLOCK RIDGE AV,Motor Vehicle Theft
202106010811,2021-03-19,10:09:22,400 BLOCK SPRING GARDEN ST,Thefts
202106010820,2021-03-19,11:23:00,400 BLOCK SPRING GARDEN ST,Thefts
202118001922,2021-01-11,01:33:34,4800 BLOCK CEDAR AV,Weapon Violations
202124017046,2021-03-16,10:36:00,3000 BLOCK POTTER ST,Other Assaults
202112021434,2021-03-28,18:37:26,6100 BLOCK WHEELER ST,Weapon Violations
202119021536,2021-04-16,15:37:00,1300 BLOCK N 76TH ST,Fraud
202139013682,2021-03-16,17:40:00,2000 BLOCK W TORONTO ST,Other Assaults
202139001244,2021-01-07,19:42:00,3000 BLOCK N 22ND ST,Vandalism/Criminal Mischief
202102004096,2021-01-30,13:44:00,RHAWN ST  /  DUNGAN RD,Aggravated Assault No Firearm
202108009091,2021-03-26,09:38:02,9300 BLOCK ASHTON RD,Vandalism/Criminal Mischief
202112020867,2021-03-26,17:07:00,1100 BLOCK S 56TH ST,Other Assaults
202125017928,2021-03-26,02:19:00,300 BLOCK E WYOMING AV,All Other Offenses
202106004003,2021-01-30,17:04:00,500 BLOCK SPRING GARDEN ST,Thefts
202125016709,2021-03-20,16:43:00,3400 BLOCK HOPE ST,Motor Vehicle Theft
202106013778,2021-04-08,15:54:00,1000 BLOCK CHESTNUT ST,Motor Vehicle Theft
202119004532,2021-01-25,13:50:12,7000 BLOCK WOODBINE AV,Fraud
202122008714,2021-02-14,05:36:39,2000 BLOCK W MONTGOMERY AV,Robbery Firearm
202119004687,2021-01-26,08:26:02,7600 BLOCK WOODBINE AV,Other Assaults
202106007047,2021-02-21,10:55:15,1200 BLOCK WALNUT ST,Thefts
202106028201,2021-07-14,22:25:00,600 BLOCK N FRONT ST,Rape
202109009617,2021-04-03,20:04:00,2400 BLOCK CHESTNUT ST,Arson
202118021538,2021-04-20,11:29:00,0 BLOCK S MILLICK ST,Thefts
202135005894,2021-01-23,15:09:02,1600 BLOCK W GRANGE AV,Fraud
202177000789,2021-02-25,08:57:00,0 BLOCK PIA WAY,Thefts
202139003649,2021-01-21,15:46:00,4100 BLOCK WAYNE AVE,Other Assaults
202139003656,2021-01-21,16:32:00,4100 BLOCK WAYNE AVE,Other Assaults
202177001233,2021-03-24,10:27:00,0 BLOCK PIA WAY,Thefts
202106010837,2021-03-19,13:01:00,900 BLOCK MARKET ST,Thefts
202119014226,2021-03-13,23:51:01,200 BLOCK N VOGDES ST,Aggravated Assault No Firearm
202125012441,2021-03-01,19:16:35,700 BLOCK W LEHIGH AV,Thefts
202109007744,2021-03-19,17:11:00,2100 BLOCK MARKET ST,Thefts
202101004619,2021-03-19,14:01:00,2100 BLOCK S 23RD ST,Thefts
202103007664,2021-02-18,12:02:46,2300 BLOCK S CHRISTOPHER COLUMBUS BLVD,Thefts
202106010133,2021-03-14,10:35:45,0 BLOCK DOCK ST,Thefts
202103006959,2021-02-13,23:18:06,S BROAD ST  /  PATTISON AV,Robbery No Firearm
202135002435,2021-01-10,11:39:11,5900 BLOCK N BROAD ST,Aggravated Assault No Firearm
202177000352,2021-01-25,07:16:00,0 BLOCK PIA WAY,Thefts
202106001136,2021-01-10,09:00:00,500 BLOCK SPRING GARDEN ST,Thefts
202103003255,2021-01-21,16:10:00,0 BLOCK MIFFLIN ST,Thefts
202106000240,2021-01-02,21:28:00,1200 BLOCK WALNUT ST,Thefts
202103003289,2021-01-21,18:24:00,0 BLOCK MIFFLIN ST,Thefts
202119004798,2021-01-26,17:38:14,6300 BLOCK VINE ST,Aggravated Assault Firearm
202126001355,2021-01-13,12:25:00,900 BLOCK W NORRIS ST,Theft from Vehicle
202124000423,2021-01-02,21:39:13,2400 BLOCK E VENANGO ST 1,Thefts
202107001005,2021-01-14,10:08:13,11000 BLOCK E ROOSEVELT BLVD,Thefts
202107001006,2021-01-14,11:38:00,11000 BLOCK E ROOSEVELT BLVD,Thefts
202107001010,2021-01-14,11:38:00,11000 BLOCK E ROOSEVELT BLVD,Thefts
202107001007,2021-01-14,11:38:16,11000 BLOCK E ROOSEVELT BLVD,Thefts
202107001008,2021-01-14,11:38:18,11000 BLOCK E ROOSEVELT BLVD,Thefts
202107001009,2021-01-14,11:38:20,11000 BLOCK E ROOSEVELT BLVD,Thefts
202112019924,2021-03-22,22:15:00,4500 BLOCK ISLAND AVE,Theft from Vehicle
202109001281,2021-01-14,18:25:00,100 BLOCK N BROAD ST,Theft from Vehicle
202112001983,2021-01-10,08:12:00,6700 BLOCK ESSINGTON AV,Thefts
202112015041,2021-03-03,23:57:00,5700 BLOCK WINDSOR ST,Vandalism/Criminal Mischief
202122024062,2021-04-26,01:52:00,1800 BLOCK W BERKS ST,Vandalism/Criminal Mischief
202124002484,2021-01-11,16:50:37,2800 BLOCK KENSINGRON AV,Aggravated Assault Firearm
202124000222,2021-01-02,01:48:14,2400 BLOCK E VENANGO ST,Robbery Firearm
202114000109,2021-01-01,18:08:56,6700 BLOCK EMLEN ST 504,Aggravated Assault Firearm
202106000181,2021-01-02,14:52:00,500 BLOCK SPRING GARDEN ST,Thefts
202122015540,2021-03-18,13:18:03,N 15TH ST  /  W SUSQUEHANNA AV,Theft from Vehicle
202125023381,2021-04-19,06:30:00,700 BLOCK E Madison St,Weapon Violations
202125023409,2021-04-19,11:11:00,700 BLOCK E MADISON ST,Narcotic / Drug Law Violations
202115026341,2021-04-13,20:56:00,4600 BLOCK Edgemont St,Motor Vehicle Theft
202108011988,2021-04-19,21:11:00,8100 BLOCK CRISPIN ST,Vandalism/Criminal Mischief
202112013560,2021-02-25,22:29:00,5300 BLOCK GREENWAY AVE,Other Assaults
202103008654,2021-02-25,10:14:44,600 BLOCK S 2ND ST,Fraud
202103008655,2021-02-25,10:15:22,600 BLOCK S 2ND ST,Fraud
202106006426,2021-02-16,15:57:35,800 BLOCK SPRUCE ST,Other Assaults
202126000100,2021-01-02,01:40:17,2600 BLOCK N 2ND ST,Burglary Non-Residential
202108004535,2021-02-14,05:47:07,8700 BLOCK FRANKFORD AV,Aggravated Assault No Firearm
202124002446,2021-01-11,14:39:50,2300 BLOCK E ALLEGHENY AV,Thefts
202126008356,2021-03-16,19:38:23,2600 BLOCK B ST,Aggravated Assault No Firearm
202103003901,2021-01-25,08:33:00,0 BLOCK MIFFLIN ST,Thefts
202103003906,2021-01-25,14:12:00,0 BLOCK MIFFLIN ST,Thefts
202124000052,2021-01-01,05:29:21,3300 BLOCK ARAMINGO AV,Burglary Non-Residential
202106001261,2021-01-11,10:01:12,400 BLOCK N 5TH ST,Thefts
202106001276,2021-01-11,11:41:00,400 BLOCK N 5TH ST,Thefts
202106001317,2021-01-11,17:28:00,400 BLOCK N 5TH ST,Thefts
202125001503,2021-01-08,10:33:17,300 BLOCK E HUNTING PARK AV,Rape
202102008216,2021-02-28,15:47:00,7400 BLOCK BUSTLETON AVE,Thefts
202102008217,2021-02-28,16:18:50,7400 BLOCK BUSTLETON AV,Thefts
202102008218,2021-02-28,16:19:06,7400 BLOCK BUSTLETON AV,Thefts
202106001722,2021-01-14,15:23:00,500 BLOCK SPRING GARDEN ST,Thefts
202107001922,2021-01-25,17:04:28,11000 BLOCK E ROOSEVELT BLVD,Thefts
202107001928,2021-01-25,17:19:00,11000 BLOCK E ROOSEVELT BLVD,Thefts
202107001910,2021-01-25,15:16:29,11000 BLOCK E ROOSEVELT BLVD,Thefts
202107001917,2021-01-25,16:32:19,11000 BLOCK E ROOSEVELT BLVD,Thefts
202102008128,2021-02-27,22:23:44,6100 BLOCK PALMETTO ST,Vandalism/Criminal Mischief
202112002921,2021-01-14,09:22:00,8200 BLOCK BARTRAM AVE,Theft from Vehicle
202118005069,2021-01-26,14:51:36,3000 BLOCK MARKET ST,Thefts
202112005350,2021-01-24,23:51:00,4500 BLOCK ISLAND AV,Theft from Vehicle
202107009478,2021-04-23,17:50:00,11000 BLOCK E ROOSEVELT BLVD,Thefts
202114010186,2021-02-25,16:52:00,6800 BLOCK CHEW AVE,All Other Offenses
202102009416,2021-03-09,01:45:01,500 BLOCK SENTNER ST,Other Assaults
202107009479,2021-04-23,17:32:00,11000 BLOCK E ROOSEVELT BLVD,Thefts
202112014850,2021-03-03,10:28:16,2000 BLOCK S 64TH ST,Other Sex Offenses (Not Commercialized)
202122022695,2021-04-19,18:38:00,1900 BLOCK N STANLEY ST,Other Assaults
202126000111,2021-01-02,09:46:00,1400 BLOCK MASCHER ST,Theft from Vehicle
202115006706,2021-01-27,01:11:32,7600 BLOCK FRANKFORD AV,Thefts
202103002182,2021-01-14,21:39:05,0 BLOCK MIFFLIN ST,Thefts
202103002184,2021-01-14,22:16:05,0 BLOCK MIFFLIN ST,Thefts
202106001560,2021-01-13,11:41:14,600 BLOCK N FRONT ST,Robbery No Firearm
202122008815,2021-02-14,17:24:00,1300 BLOCK W LEHIGH AV,Thefts
202139003577,2021-01-21,07:32:44,2800 BLOCK FOX ST,Thefts
202106001027,2021-01-09,08:04:33,600 BLOCK N FRONT ST,Thefts
202106008180,2021-03-01,08:57:00,200 BLOCK S CHRISTOPHER COLUMBUS BLVD,Theft from Vehicle
202135010859,2021-02-12,12:05:00,5800 BLOCK N PARK AV,All Other Offenses
202126001101,2021-01-11,11:00:00,2400 BLOCK TRENTON AV,Theft from Vehicle
202124013015,2021-02-27,10:15:56,3000 BLOCK KENSINGTON AV,Narcotic / Drug Law Violations
202119017607,2021-03-29,11:35:12,N 64TH ST  /  LANSDOWNE AV,Aggravated Assault Firearm
202108006011,2021-02-27,18:39:00,10700 BLOCK KESWICK RD,Other Assaults
202108006012,2021-02-27,18:59:00,10700 BLOCK KESWICK RD,Other Assaults
202103011618,2021-03-14,13:51:36,0 BLOCK MIFFLIN ST,Thefts
202125016421,2021-03-19,13:26:00,3300 BLOCK N 13TH ST,Thefts
202112018648,2021-03-17,21:35:46,6500 BLOCK DICKS AVE,Motor Vehicle Theft
202107001575,2021-01-21,15:05:06,11000 BLOCK E ROOSEVELT BLVD,Thefts
202115006338,2021-01-25,16:26:18,5400 BLOCK BUSTLETON AVE,Aggravated Assault Firearm
202102003504,2021-01-26,10:45:00,4600 BLOCK E ROOSEVELT BLVD,Thefts
202102003576,2021-01-26,17:23:00,4600 BLOCK E ROOSEVELT BLVD,Thefts
202102003043,2021-01-22,17:54:59,4600 BLOCK E ROOSEVELT BLVD,Aggravated Assault No Firearm
202106000041,2021-01-01,09:51:07,400 BLOCK SPRING GARDEN ST,Thefts
202119001942,2021-01-11,16:49:00,4700 BLOCK W GIRARD AV,Thefts
202106002736,2021-01-21,17:02:43,500 BLOCK SPRING GARDEN ST,Thefts
202124016502,2021-03-13,18:12:00,2000 BLOCK E GLENWOOD AVE,Motor Vehicle Theft
202107005092,2021-03-03,11:53:00,13000 BLOCK TRINA DR,Other Assaults
202122012265,2021-03-03,21:23:00,3100 BLOCK W ARIZONA ST,Other Assaults
202102002843,2021-01-21,11:41:59,4600 BLOCK E ROOSEVELT BLVD,Thefts
202117006595,2021-03-13,18:39:00,2100 BLOCK DICKINSON ST,Motor Vehicle Theft
202126011258,2021-04-07,20:42:00,1000 BLOCK N HANCOCK ST,Thefts
202103000131,2021-01-01,18:49:00,0 BLOCK MIFFLIN ST,Thefts
202124012178,2021-02-23,20:28:07,3200 BLOCK KENSINGTON AV,Fraud
202112018451,2021-03-17,08:47:00,6700 BLOCK ESSINGTON AVE,Motor Vehicle Theft
202106012276,2021-03-29,09:10:09,N 10TH ST  /  MARKET ST,Thefts
202126011199,2021-04-07,11:56:00,300 BLOCK W Thompson,Theft from Vehicle
202115003190,2021-01-13,14:43:00,4800 BLOCK OXFORD AV,Thefts
202107006166,2021-03-14,18:01:33,1200 BLOCK BYBERRY RD,Burglary Non-Residential
202125015984,2021-03-17,11:42:00,100 BLOCK W ERIE AVE,Motor Vehicle Theft
202112011273,2021-02-16,15:20:27,8200 BLOCK BARTRAM AV,Other Assaults
202105001052,2021-01-25,17:22:39,7900 BLOCK HENRY AV,Thefts
202106007045,2021-02-21,10:24:00,1300 BLOCK ARCH ST,Theft from Vehicle
202124014197,2021-03-04,20:21:37,3100 BLOCK G ST,Narcotic / Drug Law Violations
202105002741,2021-03-03,10:29:44,4400 BLOCK DEXTER ST,Vandalism/Criminal Mischief
202106000176,2021-01-02,14:09:07,400 BLOCK N 5TH ST,Thefts
202106000178,2021-01-02,14:35:17,400 BLOCK N 5TH ST,Thefts
202106000205,2021-01-02,17:33:58,400 BLOCK N 5TH ST,Thefts
202106000172,2021-01-02,12:38:03,400 BLOCK N 5TH ST,Thefts
202122011385,2021-02-27,16:26:00,2000 BLOCK N WOODSTOCK ST,Other Assaults
202125001941,2021-01-10,10:14:50,4700 BLOCK WHITAKER AV,Robbery No Firearm
202115010675,2021-02-12,19:15:59,6500 BLOCK HEGERMAN ST,All Other Offenses
202109006504,2021-03-09,14:54:38,1500 BLOCK CHESTNUT ST,Other Assaults
202114007950,2021-02-14,17:25:18,5300 BLOCK BELFIELD AV,Aggravated Assault Firearm
202106006702,2021-02-18,17:35:00,1200 BLOCK RACE ST,Thefts
202119001701,2021-01-10,09:28:53,N 52ND ST  /  LANCASTER AV,Aggravated Assault Firearm
202109004485,2021-02-16,21:11:00,2100 BLOCK LOCUST ST,All Other Offenses
202103001389,2021-01-10,09:52:00,900 BLOCK SOUTH ST,Theft from Vehicle
202122021612,2021-04-14,13:51:00,2400 BLOCK W HAROLD ST,Motor Vehicle Theft
202139019855,2021-04-15,18:08:00,STOKLEY ST & W ABBOTTSFORD AV ,Motor Vehicle Theft
202105004509,2021-04-09,09:47:00,4600 BLOCK SHELDON ST,Motor Vehicle Theft
202103007041,2021-02-14,15:27:00,2900 BLOCK S CHRISTOPHER COLUMBUS BLVD,Thefts
202102014078,2021-04-07,07:44:00,ROOSEVELT INN @ 7600 E ROOSEVELT BLVD ,Theft from Vehicle
202125018652,2021-03-29,07:18:27,3600 BLOCK N BROAD ST,Burglary Non-Residential
202124013078,2021-02-27,16:32:34,1900 BLOCK CLARENCE ST,Arson
202124005930,2021-01-25,18:36:34,1800 BLOCK TORRESDALE AV,Robbery No Firearm
202106010061,2021-03-13,20:07:00,0 BLOCK N 12TH ST,Motor Vehicle Theft
202139008154,2021-02-15,18:53:00,5500 BLOCK WISSAHICKON AVE,Thefts
202103001413,2021-01-10,12:32:47,1400 BLOCK S WATER ST,Theft from Vehicle
202115002503,2021-01-11,02:35:00,7700 BLOCK FRANKFORD AV,Thefts
202102001399,2021-01-10,23:14:00,7300 BLOCK E ROOSEVELT BLVD,Thefts
202125000017,2021-01-01,00:41:00,3300 BLOCK F ST,Robbery No Firearm
202115006633,2021-01-26,18:30:00,4600 BLOCK WELLINGTON ST,Theft from Vehicle
202103003852,2021-01-25,07:04:43,1900 BLOCK S FRONT ST,Theft from Vehicle
202122021348,2021-04-13,12:37:00,3300 BLOCK W GIRARD AV,Motor Vehicle Theft
202139019690,2021-04-14,21:16:00,2000 BLOCK NEWCOMB ST,Motor Vehicle Theft
202139001683,2021-01-10,18:39:25,1400 BLOCK W LYCOMING ST,Robbery No Firearm
202135002393,2021-01-10,05:01:00,N 12TH ST  /  LINDLEY AV,Thefts
202109000873,2021-01-10,16:44:00,100 BLOCK N BROAD ST,Thefts
202116005289,2021-02-14,02:16:00,400 BLOCK N 32ND ST,Burglary Residential
202106004011,2021-01-30,17:31:50,400 BLOCK RANSTEAD ST,Theft from Vehicle
202125000259,2021-01-02,09:25:17,3400 BLOCK N BROAD ST,Thefts
202119008311,2021-02-14,04:42:03,5600 BLOCK VINE ST,Thefts
202118004965,2021-01-25,23:11:27,4300 BLOCK PINE ST,Robbery Firearm
202177000733,2021-02-21,07:52:00,0 BLOCK PIA WAY,Thefts
202139000090,2021-01-01,12:25:00,2800 BLOCK FOX ST,Thefts
202102014106,2021-04-07,12:41:00,ROOSEVELT INN @ 7600 E ROOSEVELT BLVD ,Burglary Residential
202106001298,2021-01-11,14:23:00,300 BLOCK N 13TH ST,Thefts
202103008120,2021-02-21,20:56:00,0 BLOCK MIFFLIN ST,Thefts
202102014140,2021-04-07,17:26:00,700 BLOCK ADAMS AV,Thefts
202125000247,2021-01-02,06:49:31,500 BLOCK W LEHIGH AV,Burglary Non-Residential
202118019011,2021-04-07,15:00:00,0 BLOCK S 57TH ST,Theft from Vehicle
202114013967,2021-03-17,11:34:00,100 BLOCK W DUVAL ST,Motor Vehicle Theft
202105002749,2021-03-03,13:01:43,300 BLOCK AUTUMN RIVER RUN,Vandalism/Criminal Mischief
202106003235,2021-01-25,14:12:00,400 BLOCK SPRING GARDEN ST,Thefts
202139000218,2021-01-02,11:23:53,1800 BLOCK W VENANGO ST,Aggravated Assault No Firearm
202107000123,2021-01-02,13:08:14,11000 BLOCK E ROOSEVELT BLVD,Thefts
202103003195,2021-01-21,09:28:53,0 BLOCK MIFFLIN ST,Thefts
202103003246,2021-01-21,14:01:00,0 BLOCK MIFFLIN ST,Thefts
202107001028,2021-01-14,16:22:59,1600 BLOCK GRANT AV,Theft from Vehicle
202125017370,2021-03-23,17:23:00,4200 BLOCK G ST,Thefts
202106010128,2021-03-14,09:29:00,400 BLOCK SPRING GARDEN ST,Thefts
202119011626,2021-03-01,09:29:00,5700 BLOCK RACE ST,Theft from Vehicle
202103001406,2021-01-10,11:36:00,0 BLOCK MIFFLIN ST,Thefts
202103001432,2021-01-10,15:23:00,0 BLOCK MIFFLIN ST,Thefts
202103001475,2021-01-10,17:54:00,0 BLOCK MIFFLIN ST,Thefts
202105000046,2021-01-02,11:32:38,8200 BLOCK HENRY AV,Thefts
202124018223,2021-03-20,23:35:58,3300 BLOCK H ST,Motor Vehicle Theft
202115007631,2021-01-30,12:55:00,2000 BLOCK MC KINLEY ST,Other Assaults
202124007728,2021-02-02,20:54:00,3800 BLOCK ARAMINGO AV,Vandalism/Criminal Mischief
202115017806,2021-03-14,05:39:00,4000 BLOCK COTTMAN AVE,Burglary Non-Residential
202117000670,2021-01-09,15:38:00,600 BLOCK S BROAD ST,Thefts
202102010019,2021-03-12,12:46:14,7400 BLOCK BUSTLETON AV,Thefts
202135013264,2021-02-21,18:32:00,100 BLOCK E OLNEY AV,Thefts
202102010020,2021-03-12,12:59:24,7400 BLOCK BUSTLETON AV,Thefts
202102010021,2021-03-12,13:04:53,7400 BLOCK BUSTLETON AV,Thefts
202108006034,2021-02-27,20:54:52,3500 BLOCK ACADEMY RD,Other Assaults
202125007093,2021-02-03,21:50:00,1000 BLOCK W GLENWOOD AVE,DRIVING UNDER THE INFLUENCE
202119015023,2021-03-17,19:03:00,6000 BLOCK W OXFORD ST,All Other Offenses
202114014519,2021-03-20,12:52:00,400 BLOCK MONTANA ST,Motor Vehicle Theft
202106007061,2021-02-21,12:06:45,1300 BLOCK MARKET ST,Rape
202122010082,2021-02-21,19:08:15,N 15TH ST  /  W CUMBERLAND ST,Thefts
202105004963,2021-04-18,11:18:00,400 BLOCK HERMIT ST,Theft from Vehicle
202102012691,2021-03-29,18:27:00,2000 BLOCK LONGSHORE AVE,Robbery No Firearm
202109011195,2021-04-18,13:52:00,2000 BLOCK MARKET ST,Thefts
202119013195,2021-03-09,09:43:00,5200 BLOCK MARKET ST,All Other Offenses
202119013270,2021-03-09,14:50:00,5200 BLOCK MARKET ST,All Other Offenses
202106016134,2021-04-25,11:52:00,400 BLOCK SPRING GARDEN ST,Thefts
202135018814,2021-03-12,11:32:00,200 BLOCK W SPENCER AV,All Other Offenses
202115011068,2021-02-14,14:40:48,1600 BLOCK ALLENGROVE ST,Thefts
202108007548,2021-03-13,16:41:08,8300 BLOCK STATE RD,Aggravated Assault No Firearm
202135013458,2021-02-22,13:03:00,2000 BLOCK W NEDRO AVE,Other Assaults
202106016172,2021-04-25,19:41:00,400 BLOCK SPRING GARDEN ST,Thefts
202109011200,2021-04-18,15:22:00,2000 BLOCK MARKET ST,Thefts
202119006159,2021-02-03,11:49:17,0 BLOCK N 60TH ST,Other Assaults
202124024636,2021-04-16,12:12:00,2900 BLOCK KENSINGTON AV,Robbery No Firearm
202101004696,2021-03-20,17:04:00,2800 BLOCK CANTRELL ST,Motor Vehicle Theft
202117020893,2021-08-08,11:31:00,1800 BLOCK SOUTH ST,Thefts
202103018295,2021-04-22,21:30:00,1000 BLOCK TASKER ST,Vandalism/Criminal Mischief
202124061029,2021-09-13,06:42:00,2200 BLOCK E WESTMORELAND ST,Thefts
202103046897,2021-10-10,01:28:00,2100 BLOCK S 10TH ST,Theft from Vehicle
202103017568,2021-04-18,07:25:00,700 BLOCK Federal St,Theft from Vehicle
202102011520,2021-03-22,17:33:00,200 BLOCK BENNER ST,Other Assaults
202119011151,2021-02-27,02:01:17,5300 BLOCK W GIRARD AV,Vandalism/Criminal Mischief
202135011723,2021-02-15,18:22:00,5700 BLOCK N 12TH ST,All Other Offenses
202135011493,2021-02-14,21:12:00,5700 BLOCK N AMERICAN ST,Thefts
202125006929,2021-02-02,20:34:00,4800 BLOCK N 2ND ST,Other Assaults
202139013673,2021-03-16,16:58:00,5400 BLOCK WISSAHICKON AVE,Theft from Vehicle
202115008144,2021-02-02,03:34:50,4700 BLOCK OAKLAND ST,Arson
202103011876,2021-03-16,08:37:00,1600 BLOCK S FRONT ST,Theft from Vehicle
202114013786,2021-03-16,11:17:05,5800 BLOCK CRITTENDEN ST,Aggravated Assault Firearm
202135002679,2021-01-11,12:01:00,6300 BLOCK N BROAD ST,Thefts
202135002519,2021-01-10,18:41:53,6300 BLOCK N BROAD ST,Thefts
202103042771,2021-09-15,20:18:00,500 BLOCK S CHRISTOPHER COLUMBUS BLVD,Theft from Vehicle
202124007159,2021-01-30,14:06:38,2300 BLOCK E BUTLER ST,Other Assaults
202124027857,2021-04-30,08:09:00,2900 BLOCK ELLA ST,Arson
202124005468,2021-01-23,16:43:00,2600 BLOCK E SOMERSET ST,Thefts
202109009008,2021-03-29,11:35:00,1900 BLOCK MARKET ST,Thefts
202115056171,2021-07-31,12:18:00,N PENN ST & ADAMS AV ,Motor Vehicle Theft
202105003029,2021-03-09,16:13:11,300 BLOCK KRAMS AV,Fraud
202119047880,2021-08-25,15:45:00,4100 BLOCK PRESIDENTIAL BLVD,Theft from Vehicle
202135062396,2021-09-13,19:11:00,100 BLOCK E GODFREY AV B504,Thefts
202109001293,2021-01-14,21:19:47,1400 BLOCK CHESTNUT ST,Aggravated Assault No Firearm
202139002173,2021-01-13,14:08:00,4000 BLOCK RIDGE AV,Thefts
202106016110,2021-04-25,04:41:00,400 BLOCK N 5TH ST,Burglary Non-Residential
202115017608,2021-03-13,13:13:00,3000 BLOCK WELLINGTON ST,All Other Offenses
202106016125,2021-04-25,10:17:00,400 BLOCK N 5TH ST,Thefts
202112055819,2021-08-25,11:55:00,4500 BLOCK ISLAND AV,Thefts
202109000051,2021-01-01,12:22:00,1900 BLOCK CHESTNUT ST,Thefts
202109000057,2021-01-01,13:28:36,1900 BLOCK CHESTNUT ST,Thefts
202109000074,2021-01-01,19:22:31,1900 BLOCK CHESTNUT ST,Thefts
202126000976,2021-01-10,03:30:00,2500 BLOCK ARAMINGO AV,Thefts
202108005513,2021-02-23,10:07:53,4600 BLOCK KENDRICK ST,Fraud
202116000214,2021-01-02,19:36:52,0 BLOCK N 52ND ST,Aggravated Assault No Firearm
202119002318,2021-01-13,10:52:51,3900 BLOCK CONSHOHOCKEN AV,Thefts
202102003386,2021-01-25,13:39:32,7400 BLOCK BUSTLETON AV,Thefts
202102003396,2021-01-25,14:41:00,7400 BLOCK BUSTLETON AVE,Thefts
202102003418,2021-01-25,17:10:00,7400 BLOCK BUSTLETON AVE,Thefts
202102003577,2021-01-26,17:55:00,7400 BLOCK BUSTLETON AVE,Thefts
202119000283,2021-01-02,19:18:14,4000 BLOCK MONUMENT,Thefts
202105003171,2021-03-12,14:54:03,4100 BLOCK TOWER ST,Theft from Vehicle
202122015145,2021-03-16,11:31:00,29TH  /  YORK ST,Robbery Firearm
202102010236,2021-03-13,19:58:36,5700 BLOCK RISING SUN AV 7,Fraud
202139002195,2021-01-13,16:11:40,N BROAD ST  /  W LEHIGH AV,Robbery Firearm
202125002779,2021-01-14,14:27:28,100 BLOCK W ALLEGHENY AV,Robbery No Firearm
202139007602,2021-02-12,12:33:50,100 BLOCK W SYLVANIA ST,Fraud
202124003192,2021-01-14,11:34:00,2700 BLOCK CASTOR AV,Thefts
202124003206,2021-01-14,12:28:00,2700 BLOCK CASTOR AV,Thefts
202124003193,2021-01-14,12:00:00,2700 BLOCK CASTOR AV,Thefts
202124003315,2021-01-14,18:00:00,2700 BLOCK CASTOR AV,Thefts
202116006929,2021-02-27,16:54:25,5100 BLOCK ARCH ST,Narcotic / Drug Law Violations
202139010635,2021-03-01,05:21:40,3700 BLOCK GERMANTOWN AV,Burglary Non-Residential
202103000299,2021-01-02,20:42:44,700 BLOCK E PASSYUNK AV,Robbery Firearm
202102001824,2021-01-13,17:13:25,7400 BLOCK BUSTLETON AV,Thefts
202102001844,2021-01-13,20:05:00,7400 BLOCK BUSTLETON AVE,Thefts
202102001813,2021-01-13,15:55:00,7400 BLOCK BUSTLETON AVE,Thefts
202102001804,2021-01-13,14:08:00,7400 BLOCK BUSTLETON AV,Thefts
202102001798,2021-01-13,13:20:15,7400 BLOCK BUSTLETON AV,Thefts
202102001801,2021-01-13,13:46:16,7400 BLOCK BUSTLETON AV,Thefts
202108002461,2021-01-25,15:32:25,2500 BLOCK GRANT AV,Thefts
202125005191,2021-01-25,14:29:04,2700 BLOCK N 5TH ST,Aggravated Assault Firearm
202139001794,2021-01-11,14:00:05,4400 BLOCK N BROAD ST,Thefts
202118004890,2021-01-25,16:09:00,S 55TH ST  /  CATHARINE ST,Thefts
202124005047,2021-01-21,20:53:47,2700 BLOCK CASTOR AV,Thefts
202124004983,2021-01-21,17:08:00,2700 BLOCK CASTOR AV,Thefts
202112005379,2021-01-25,04:12:41,9000 BLOCK TINICUM BLVD,Rape
202115010694,2021-02-12,20:52:49,1500 BLOCK DEAL ST,Other Assaults
202118008750,2021-02-15,20:41:57,5700 BLOCK ADDISON ST,Other Assaults
202139004552,2021-01-26,14:38:15,1600 BLOCK W ALLEGHENY AV,Burglary Residential
202112013899,2021-02-27,09:23:13,7200 BLOCK ELMWOOD AV,Narcotic / Drug Law Violations
202126002732,2021-01-25,10:37:59,2100 BLOCK N MARSHALL ST,Theft from Vehicle
202124016664,2021-03-14,12:35:38,2700 BLOCK CASTOR AV,Thefts
202119001733,2021-01-10,13:39:38,5800 BLOCK FILBERT ST,Rape
202106006704,2021-02-18,17:50:00,1200 BLOCK RACE ST,Thefts
202107020139,2021-09-01,15:01:00,BUSTLETON AV & KELVIN AV ,Aggravated Assault No Firearm
202118005805,2021-01-30,01:52:00,600 BLOCK S 51ST ST,Vandalism/Criminal Mischief
202106008174,2021-03-01,09:53:55,700 BLOCK MARKET ST,Thefts
202124007203,2021-01-30,18:46:52,1900 BLOCK E VENANGO ST,Narcotic / Drug Law Violations
202135003670,2021-01-14,20:48:00,5800 BLOCK N 2ND ST,Thefts
202115003443,2021-01-14,13:54:00,FRANKFORD AV  /  E CHELTENHAM AV,Theft from Vehicle
202102000098,2021-01-01,15:25:28,1300 BLOCK HALE ST,Thefts
202115030392,2021-04-28,22:43:00,5800 BLOCK ERDRICK ST,Theft from Vehicle
202135061739,2021-09-10,09:07:00,100 BLOCK E GODFREY AV,Burglary Residential
202101006476,2021-04-18,14:40:00,2200 BLOCK OREGON AV,Thefts
202126001056,2021-01-10,22:15:46,2500 BLOCK ARAMINGO AV,Burglary Non-Residential
202119014118,2021-03-13,13:41:34,1100 BLOCK MARLYN RD,Other Assaults
202135008219,2021-02-02,11:40:13,1100 BLOCK WINDRIM AV,Weapon Violations
202126010061,2021-03-29,11:03:57,2400 BLOCK N LEITHGOW ST,Theft from Vehicle
202122005314,2021-01-27,00:51:00,1900 BLOCK INGERSOLL ST A,Other Assaults
202118019482,2021-04-09,18:42:00,5900 BLOCK DELANCEY ST,Vandalism/Criminal Mischief
202124007179,2021-01-30,17:01:00,2700 BLOCK BOUDINOT ST,All Other Offenses
202114002334,2021-01-14,18:16:52,1600 BLOCK WADSWORTH AV,Thefts
202119015645,2021-03-20,16:47:00,1800 BLOCK N 52ND ST,Motor Vehicle Theft
202103018045,2021-04-21,10:21:00,1000 BLOCK MERCY ST,Vandalism/Criminal Mischief
202115008251,2021-02-02,16:30:00,3100 BLOCK COTTMAN AVE,Fraud
202103017426,2021-04-17,11:56:00,2000 BLOCK S 7TH ST,Weapon Violations
202109007657,2021-03-19,07:55:00,N 15TH ST  /  RACE ST,All Other Offenses
202139053689,2021-10-07,12:59:00,5400 BLOCK WAYNE AV,Motor Vehicle Theft
202126008885,2021-03-20,23:01:00,2000 BLOCK E LETTERLY ST,Motor Vehicle Theft
202119017661,2021-03-29,16:51:07,500 BLOCK N 65TH ST,Thefts
202139005329,2021-01-30,10:34:00,2500 BLOCK W SILVER ST,All Other Offenses
202139010276,2021-02-27,01:47:37,4400 BLOCK N COLORADO ST,Vandalism/Criminal Mischief
202102001485,2021-01-11,15:38:00,600 BLOCK FOULKROD ST,Thefts
202112024659,2021-04-09,17:43:00,7100 BLOCK THEODORE ST,Vandalism/Criminal Mischief
202177005156,2021-10-12,09:10:00,0 BLOCK PIA WAY,Thefts
202115025642,2021-04-10,23:47:00,4800 BLOCK HOWELL ST,Vandalism/Criminal Mischief
202112014001,2021-02-27,15:24:04,5400 BLOCK WOODLAND AVE,Other Assaults
202107009403,2021-04-22,20:48:00,8200 BLOCK ROCKWELL AV,Motor Vehicle Theft
202116006375,2021-02-23,17:53:32,800 BLOCK N 40TH ST,Narcotic / Drug Law Violations
202109009497,2021-04-02,18:59:00,100 BLOCK S 18TH ST,All Other Offenses
202107009404,2021-04-22,21:10:00,8200 BLOCK ROCKWELL AV,Motor Vehicle Theft
202112017427,2021-03-13,12:54:24,6100 BLOCK HARLEY AVE,Fraud
202126001025,2021-01-10,16:50:00,2500 BLOCK E HAGERT ST,Thefts
202112024026,2021-04-07,12:13:00,2100 BLOCK S 67th St,Theft from Vehicle
202135019199,2021-03-13,15:45:52,600 BLOCK ELKINS AV,Other Assaults
202102014712,2021-04-11,12:36:00,7400 BLOCK BUSTLETON AV,Thefts
202135008271,2021-02-02,17:03:00,6600 BLOCK N SMEDLEY ST,Other Assaults
202125005163,2021-01-25,12:58:00,3400 BLOCK N BROAD ST,Thefts
202135017846,2021-03-09,08:53:57,6000 BLOCK E WISTER ST,All Other Offenses
202115012741,2021-02-22,11:22:00,6300 BLOCK FRANKFORD AV,All Other Offenses
202114005691,2021-02-03,07:31:40,6800 BLOCK CHEW AV,Fraud
202114008422,2021-02-16,14:13:00,6300 BLOCK MAGNOLIA ST,All Other Offenses
202101004433,2021-03-16,17:58:28,2100 BLOCK S 24TH ST,Burglary Non-Residential
202135017648,2021-03-08,14:37:00,5600 BLOCK N BROAD ST,All Other Offenses
202118002557,2021-01-13,21:39:23,S 54TH ST  /  CATHARINE ST,Robbery Firearm
202118006520,2021-02-03,23:29:00,4000 BLOCK WALNUT ST,All Other Offenses
202106014186,2021-04-11,12:18:00,400 BLOCK SPRING GARDEN ST,Thefts
202102017019,2021-04-26,23:15:00,7200 BLOCK KINDRED ST,Other Assaults
202105003386,2021-03-17,15:56:16,100 BLOCK SALAIGNAC ST,Vandalism/Criminal Mischief
202119013311,2021-03-09,19:11:13,6200 BLOCK LANSDOWNE AV,All Other Offenses
202118015860,2021-03-23,21:25:00,S 58TH ST  /  HAZEL AV,Aggravated Assault Firearm
202108008263,2021-03-19,18:05:59,1400 BLOCK FRANKLIN MIL,Other Assaults
202102001978,2021-01-14,19:02:00,7400 BLOCK BUSTLETON AVE,Thefts
202102001964,2021-01-14,17:04:24,7400 BLOCK BUSTLETON AV,Thefts
202116010428,2021-03-25,02:51:17,4700 BLOCK PARRISH ST,Fraud
202114007913,2021-02-14,12:29:16,5300 BLOCK CHEW AV,Aggravated Assault No Firearm
202125019991,2021-04-03,23:43:00,3400 BLOCK N BROAD ST,Aggravated Assault Firearm
202125020758,2021-04-07,17:22:00,3400 BLOCK N BROAD ST,Thefts
202135020445,2021-03-17,18:26:53,300 BLOCK W CHEW AV,Narcotic / Drug Law Violations
202126009102,2021-03-22,12:20:00,2600 BLOCK KENSINGTON AV,All Other Offenses
202135021527,2021-03-21,16:42:00,5900 BLOCK A ST 2,Other Assaults
202124022501,2021-04-07,16:43:00,3100 BLOCK B ST,Aggravated Assault Firearm
202135015185,2021-02-27,17:35:20,100 BLOCK E GODFREY AV,Vandalism/Criminal Mischief
202108001184,2021-01-13,10:15:53,9200 BLOCK FRANKFORD AV,Thefts
202102010666,2021-03-16,18:06:36,7400 BLOCK BUSTLETON AV,Thefts
202125005316,2021-01-26,01:25:02,1000 BLOCK W INDIANA AVE,Robbery Firearm
202102010667,2021-03-16,18:24:55,7400 BLOCK BUSTLETON AV,Thefts
202119006228,2021-02-03,16:29:41,100 BLOCK N 52ND ST,All Other Offenses
202114003129,2021-01-19,12:50:00,STENTON AV  /  E JOHNSON ST,Theft from Vehicle
202122019714,2021-04-05,19:41:00,2800 BLOCK W HUNTINGDON ST,Vandalism/Criminal Mischief
202126011778,2021-04-11,05:56:00,2100 BLOCK E LETTERLY ST,Burglary Residential
202108008022,2021-03-17,17:56:25,8100 BLOCK FRANKFORD AV,Other Assaults
202114013580,2021-03-15,08:51:00,8400 BLOCK WILLIAMS AVE,All Other Offenses
202105004792,2021-04-15,12:21:00,4100 BLOCK APPLE ST,Other Assaults
202118004915,2021-01-25,18:07:21,4900 BLOCK CATHARINE ST,Aggravated Assault Firearm
202125020022,2021-04-04,08:31:00,3000 BLOCK N 4TH ST,Narcotic / Drug Law Violations
202106015722,2021-04-22,12:25:00,400 BLOCK FAIRMOUNT AV,Motor Vehicle Theft
202106000065,2021-01-01,14:45:56,1100 BLOCK CHESTNUT ST,Thefts
202106000081,2021-01-01,17:10:00,1100 BLOCK CHESTNUT ST,Thefts
202106000048,2021-01-01,12:00:49,1100 BLOCK CHESTNUT ST,Thefts
202122016336,2021-03-22,00:38:25,1600 BLOCK W NORRIS ST,All Other Offenses
202135008504,2021-02-03,14:10:26,1900 BLOCK W GODFREY AV,Other Assaults
202122006427,2021-02-02,16:14:00,1900 BLOCK N PATTON ST,All Other Offenses
202122010016,2021-02-21,06:53:00,1900 BLOCK N 19TH ST,Theft from Vehicle
202115017675,2021-03-13,17:37:00,3000 BLOCK KNORR ST,All Other Offenses
202122014389,2021-03-12,18:47:04,1300 BLOCK W LEHIGH AV,Thefts
202139009384,2021-02-23,10:15:08,1400 BLOCK W ERIE AV,Narcotic / Drug Law Violations
202125015775,2021-03-16,13:15:47,100 BLOCK W TIOGA ST,Aggravated Assault No Firearm
202118002776,2021-01-14,21:47:00,4900 BLOCK SANSOM ST,Robbery Firearm
202125018781,2021-03-29,20:34:51,1200 BLOCK W ERIE AV,Aggravated Assault No Firearm
202115025106,2021-04-09,01:58:00,7200 BLOCK CHARLES ST,Other Assaults
202114002141,2021-01-13,15:22:30,100 BLOCK W DURHAM ST,Burglary Residential
202126013934,2021-04-28,12:46:00,1000 BLOCK FRANKFORD AV,Theft from Vehicle
202126002723,2021-01-25,09:07:00,2700 BLOCK E CUMBERLAND ST,Theft from Vehicle
202119004631,2021-01-25,21:54:57,6200 BLOCK MEDIA ST,Aggravated Assault Firearm
202119004629,2021-01-25,21:19:06,6200 BLOCK MEDIA ST,Aggravated Assault Firearm
202103011955,2021-03-16,18:09:49,2100 BLOCK S CHRISTOPHER COLUMBUS BLVD,Thefts
202116008348,2021-03-09,20:43:18,3900 BLOCK LANCASTER AV,Narcotic / Drug Law Violations
202119008329,2021-02-14,08:49:59,1500 BLOCK N 52ND ST,Robbery No Firearm
202125011154,2021-02-23,19:44:00,200 BLOCK E MENTOR ST,Vandalism/Criminal Mischief
202124026566,2021-04-24,22:00:00,2800 BLOCK KENSINGTON AV,Robbery Firearm
202135021288,2021-03-20,17:34:00,5700 BLOCK N WOODSTOCK ST,Motor Vehicle Theft
202109011097,2021-04-17,14:49:00,2000 BLOCK SPRUCE ST,Thefts
202105003209,2021-03-13,08:10:12,6100 BLOCK LAWNTON ST,Vandalism/Criminal Mischief
202118018306,2021-04-03,23:32:00,5800 BLOCK RODMAN ST,Vandalism/Criminal Mischief
202107001905,2021-01-25,13:50:21,900 BLOCK RED LION RD,Thefts
202118013744,2021-03-13,17:20:00,6200 BLOCK LUDLOW ST,Other Assaults
202106010166,2021-03-14,16:13:00,500 BLOCK SPRING GARDEN ST,Thefts
202126010613,2021-04-02,15:00:00,1900 BLOCK E HAZZARD ST,All Other Offenses
202118013762,2021-03-13,17:52:29,4600 BLOCK WALNUT ST,Burglary Non-Residential
202106010129,2021-03-14,09:52:10,500 BLOCK SPRING GARDEN ST,Thefts
202122008320,2021-02-12,07:52:22,2600 BLOCK NORRIS CT,Weapon Violations
202119013258,2021-03-09,13:57:25,6400 BLOCK W GIRARD AV,Other Assaults
202103001426,2021-01-10,15:14:00,2200 BLOCK S CHRISTOPHER COLUMBUS BOULEVARD,Theft from Vehicle
202103001588,2021-01-11,14:34:00,2300 BLOCK S CHRISTOPHER COLUMBUS BLVD,Robbery Firearm
202107002757,2021-02-03,22:55:00,700 BLOCK RHAWN ST,All Other Offenses
202107002758,2021-02-03,22:55:00,700 BLOCK RHAWN ST,All Other Offenses
202101005471,2021-04-01,20:55:00,2000 BLOCK PENROSE AV,Other Assaults
202135025175,2021-04-05,09:42:00,200 BLOCK CLAREMONT RD,Vandalism/Criminal Mischief
202135027908,2021-04-16,14:59:00,5600 BLOCK N PARK AV,Thefts
202135002569,2021-01-10,22:07:46,6200 BLOCK N BROAD ST,Robbery No Firearm
202122014684,2021-03-13,21:24:00,1500 BLOCK N BROAD ST,Thefts
202102000189,2021-01-02,13:34:48,7400 BLOCK BUSTLETON AV,Thefts
202102000227,2021-01-02,19:10:23,7400 BLOCK BUSTLETON AV,Thefts
202102000228,2021-01-02,19:10:29,7400 BLOCK BUSTLETON AV,Thefts
202102000229,2021-01-02,19:10:48,7400 BLOCK BUSTLETON AV,Thefts
202102000230,2021-01-02,19:10:56,7400 BLOCK BUSTLETON AV,Thefts
202112019071,2021-03-19,16:54:11,5800 BLOCK KINGSESSING AV,Narcotic / Drug Law Violations
202112019102,2021-03-19,18:40:00,5800 BLOCK KINGSESSING AVE,All Other Offenses
202102002945,2021-01-21,23:26:56,5800 BLOCK OXFORD AV,Robbery Firearm
202112047264,2021-07-15,18:35:00,5200 BLOCK Woodland Ave,Aggravated Assault No Firearm
202112029094,2021-04-28,15:46:00,8100 BLOCK SUFFOLK AV,Robbery No Firearm
202112012535,2021-02-22,03:31:31,1200 BLOCK S PEACH ST,All Other Offenses
202135050522,2021-07-18,18:13:00,800 BLOCK W OLNEY AV,Aggravated Assault No Firearm
202112012612,2021-02-22,13:24:43,6800 BLOCK ESSINGTON AVE,Fraud
202115019089,2021-03-19,09:45:28,1200 BLOCK SANGER ST,Fraud
202107009191,2021-04-20,13:38:00,1200 BLOCK BYBERRY RD,Burglary Non-Residential
202139004386,2021-01-25,12:38:18,3300 BLOCK N 15TH ST,Robbery No Firearm
202106006409,2021-02-16,14:16:58,700 BLOCK PINE ST,Other Assaults
202135015364,2021-02-28,11:15:00,4900 BLOCK STENTON AVE,Thefts
202107006147,2021-03-14,13:33:50,10000 BLOCK BUSTLETON AV,Thefts
202115019722,2021-03-21,14:37:15,6100 BLOCK MULBERRY ST,Narcotic / Drug Law Violations
202118002682,2021-01-14,14:53:22,3400 BLOCK SPRUCE ST,Thefts
202116006174,2021-02-21,19:15:53,N 30TH ST  /  MARKET ST,Thefts
202102007222,2021-02-21,19:09:00,7400 BLOCK BUSTLETON AV,Thefts
202122008325,2021-02-12,08:50:20,1900 BLOCK W BERKS ST,Other Assaults
202135015447,2021-02-28,19:28:01,1300 BLOCK WINDRIM AV,Thefts
202135003471,2021-01-14,08:46:00,5300 BLOCK MASCHER ST,Theft from Vehicle
202135015690,2021-03-01,17:11:21,1300 BLOCK WINDRIM AV,Thefts
202119000154,2021-01-02,03:31:00,BELMONT AV  /  W GIRARD AV,Theft from Vehicle
202107004389,2021-02-22,14:47:02,2200 BLOCK STRAHLE ST,Vandalism/Criminal Mischief
202139002485,2021-01-14,19:57:30,2100 BLOCK W LEHIGH AV,Thefts
202139019696,2021-04-14,21:31:00,3700 BLOCK N 17TH ST,Weapon Violations
202108000111,2021-01-02,12:28:04,2300 BLOCK WELSH RD,Thefts
202122016568,2021-03-23,08:06:00,1200 BLOCK N 15TH ST,Theft from Vehicle
202103009440,2021-03-01,19:10:04,1800 BLOCK S CHRISTOPHER COLUMBUS BLVD,Thefts
202103006301,2021-02-10,01:30:11,1000 BLOCK E MOYAMENSING AV,Other Assaults
202112011763,2021-02-18,09:35:05,6700 BLOCK WOODLAND AV,Thefts
202114002326,2021-01-14,17:49:17,ANDERSON ST  /  E WISTER ST,Thefts
202124025726,2021-04-21,00:59:00,3100 BLOCK F ST,Robbery Firearm
202107004427,2021-02-23,00:39:00,400 BLOCK KISMET RD,All Other Offenses
202118000205,2021-01-02,12:34:46,3900 BLOCK WALNUT ST,Thefts
202118000296,2021-01-02,21:04:00,3900 BLOCK WALNUT ST,Thefts
202124015328,2021-03-09,09:28:53,800 BLOCK E ALLEGHENY AV,Narcotic / Drug Law Violations
202125001922,2021-01-10,07:01:00,4300 BLOCK N MARSHALL ST,Theft from Vehicle
202125015776,2021-03-16,13:15:51,100 BLOCK W TIOGA ST,Aggravated Assault No Firearm
202124012935,2021-02-26,23:30:22,800 BLOCK E ALLEGHENY AV,DRIVING UNDER THE INFLUENCE
202124003286,2021-01-14,16:22:36,C ST  /  E CAMBRIA ST,Theft from Vehicle
202103012030,2021-03-17,09:21:10,3100 BLOCK S 13TH ST,Vandalism/Criminal Mischief
202109006475,2021-03-09,10:34:00,1500 BLOCK VINE ST,All Other Offenses
202115003343,2021-01-14,03:12:00,7200 BLOCK E ROOSEVELT BLVD,Thefts
202126008806,2021-03-20,12:08:00,900 BLOCK FRANKFORD AVE 202,Motor Vehicle Theft
202135015303,2021-02-28,02:08:25,1500 BLOCK WIDENER PL,Burglary Residential
202116012112,2021-04-07,15:22:00,3900 BLOCK MARKET ST,Thefts
202115019323,2021-03-20,00:33:45,5100 BLOCK SAUL ST,DRIVING UNDER THE INFLUENCE
202125009554,2021-02-15,07:34:33,3300 BLOCK KIP ST,Vandalism/Criminal Mischief
202103001939,2021-01-13,19:35:00,0 BLOCK SNYDER AV,Thefts
202139013605,2021-03-16,12:19:04,2100 BLOCK W LEHIGH AV,Thefts
202119008718,2021-02-16,10:35:37,5700 BLOCK STEWART ST,Other Assaults
202135028114,2021-04-17,16:46:00,6000 BLOCK N BROAD ST 12,Aggravated Assault No Firearm
202112010378,2021-02-12,21:31:59,5600 BLOCK BEAUMONT ST,Other Assaults
202106010165,2021-03-14,16:28:34,1300 BLOCK ARCH ST,Theft from Vehicle
202122015092,2021-03-16,01:20:17,2400 BLOCK CECIL B MOORE AV,Burglary Residential
202118013443,2021-03-12,15:31:48,5800 BLOCK CHESTNUT ST,Robbery Firearm
202125000292,2021-01-02,13:57:53,4500 BLOCK N 5TH ST,Thefts
202125002004,2021-01-10,17:13:32,4400 BLOCK N 5TH ST,Thefts
202122005068,2021-01-25,18:20:00,900 BLOCK N BROAD ST,Thefts
202114019696,2021-04-16,15:53:00,1300 BLOCK BARRINGER ST,Theft from Vehicle
202105001061,2021-01-25,21:34:00,400 BLOCK DOMINO LA 2,Theft from Vehicle
202115012613,2021-02-21,18:58:43,4900 BLOCK WHITAKER AV,Aggravated Assault Firearm
202122004231,2021-01-21,15:35:26,N 30TH ST  /  MASTER ST,Aggravated Assault Firearm
202115012625,2021-02-21,20:27:55,4900 BLOCK WHITAKER AV,Aggravated Assault Firearm
202115012630,2021-02-21,20:52:09,4900 BLOCK WHITAKER AV,Aggravated Assault Firearm
202135010815,2021-02-12,10:09:00,5700 BLOCK N PARK AV,All Other Offenses
202115012631,2021-02-21,20:52:29,4900 BLOCK WHITAKER AV,Aggravated Assault Firearm
202109002323,2021-01-25,19:04:00,1500 BLOCK SPRUCE ST,Thefts
202124016198,2021-03-12,13:17:15,1800 BLOCK E ALLEGHENY AV,Robbery Firearm
202107003737,2021-02-14,07:26:55,13600 BLOCK PHILMONT AV,Aggravated Assault No Firearm
202124025799,2021-04-21,12:57:00,2800 BLOCK HELEN ST,All Other Offenses
202112018436,2021-03-17,06:30:17,6900 BLOCK LINMORE AV,All Other Offenses
202177004622,2021-09-13,21:33:00,PIA TOWER @ 1 PIA WAY ,Thefts
202106028783,2021-07-18,09:23:00,400 BLOCK SPRING GARDEN ST,Thefts
202106028816,2021-07-18,15:53:00,400 BLOCK SPRING GARDEN ST,Thefts
202124058460,2021-09-01,12:36:00,1800 BLOCK E ALLEGHENY AV,Thefts
202125020197,2021-04-05,07:33:00,200 BLOCK W MENTOR ST,Vandalism/Criminal Mischief
202115027735,2021-04-19,01:35:00,4900 BLOCK Duffield St,Aggravated Assault No Firearm
202126012734,2021-04-18,18:24:00,1500 BLOCK N Howard St,Theft from Vehicle
202114013294,2021-03-13,10:46:00,8300 BLOCK THOURON AVE,Other Assaults
202116014117,2021-04-24,15:50:00,3000 BLOCK Market St,Aggravated Assault No Firearm
202108008654,2021-03-22,12:22:00,12500 BLOCK DEERRUN PL,Vandalism/Criminal Mischief
202105001089,2021-01-26,14:04:00,400 BLOCK DOMINO LA,Thefts
202117004518,2021-02-21,12:59:00,2500 BLOCK WHARTON ST,Thefts
202139009385,2021-02-23,10:16:00,2800 BLOCK N 22ND ST,Vandalism/Criminal Mischief
202124013109,2021-02-27,18:19:00,2200 BLOCK WHEATSHEAF,Arson
202103009361,2021-03-01,10:05:00,0 BLOCK SNYDER AVE,Thefts
202106012350,2021-03-29,16:59:12,300 BLOCK S 5TH ST,Thefts
202112002185,2021-01-11,09:29:00,8600 BLOCK BARTRAM AV,Thefts
202102010765,2021-03-17,13:51:00,6600 BLOCK CASTOR AVE,Vandalism/Criminal Mischief
202114013114,2021-03-12,12:32:06,7100 BLOCK MOUNT PLEASANT PL,Other Sex Offenses (Not Commercialized)
202122010025,2021-02-21,09:50:00,1300 BLOCK W LEHIGH AV,Thefts
202125008935,2021-02-12,11:02:53,3300 BLOCK N LAWRENCE ST,Fraud
202118013983,2021-03-14,19:58:00,4700 BLOCK LOCUST ST,Theft from Vehicle
202119003788,2021-01-21,13:02:00,4000 BLOCK MONUMENT RD,Thefts
202108008933,2021-03-25,00:46:36,8000 BLOCK STATE RD,Aggravated Assault No Firearm
202124015487,2021-03-09,19:34:26,400 BLOCK E SOMERSET ST,Other Assaults
202103011213,2021-03-12,09:25:00,1300 BLOCK CATHARINE ST,Theft from Vehicle
202115002456,2021-01-10,21:18:51,6500 BLOCK HARBISON AV,Thefts
202122005050,2021-01-25,16:36:00,N 29TH ST  /  W DAUPHIN ST,Theft from Vehicle
202126000986,2021-01-10,08:31:17,100 BLOCK W GIRARD AV,Burglary Non-Residential
202118005785,2021-01-30,00:08:00,4500 BLOCK MARKET ST,All Other Offenses
202105000033,2021-01-01,16:27:00,5900 BLOCK RIDGE AV,Thefts
202118005786,2021-01-30,00:08:00,4500 BLOCK MARKET ST,All Other Offenses
202118005787,2021-01-30,00:08:00,4500 BLOCK MARKET ST,All Other Offenses
202103003897,2021-01-25,12:23:00,2500 BLOCK S CHRISTOPHER COLUMBUS BLVD,Burglary Non-Residential
202109005615,2021-02-28,13:46:00,2000 BLOCK MARKET ST,Thefts
202109005715,2021-03-01,16:14:37,2000 BLOCK MARKET ST,Thefts
202105003016,2021-03-09,13:10:11,700 BLOCK MANATAWNA AV,Other Assaults
202102006876,2021-02-18,20:09:56,600 BLOCK GARLAND ST,Robbery No Firearm
202108013106,2021-04-29,11:52:00,ANNAPOLIS RD & CONVENT AV ,DRIVING UNDER THE INFLUENCE
202139013854,2021-03-17,12:39:00,3400 BLOCK N SMEDLEY ST,All Other Offenses
202139013856,2021-03-17,13:10:49,3400 BLOCK N SMEDLEY ST,Fraud
202119000077,2021-01-01,11:15:00,1500 BLOCK N 50TH ST,Thefts
202106006087,2021-02-14,12:42:00,1100 BLOCK CHESTNUT ST A,Thefts
202135006470,2021-01-25,21:33:00,1300 BLOCK WINDRIM AV,Thefts
202135006409,2021-01-25,17:34:46,1300 BLOCK WINDRIM AV,Thefts
202116001137,2021-01-11,08:36:07,4000 BLOCK LANCASTER AV,Thefts
202122020060,2021-04-07,12:27:00,1900 BLOCK W YORK ST,Aggravated Assault Firearm
202122002491,2021-01-13,13:30:02,2100 BLOCK N 20TH ST,Burglary Residential
202103015686,2021-04-07,02:14:00,1400 BLOCK S 10TH ST,Thefts
202119009982,2021-02-22,12:04:29,5000 BLOCK W GIRARD AV,Other Assaults
202135003669,2021-01-14,21:02:31,6700 BLOCK N 20TH ST,Aggravated Assault Firearm
202108003377,2021-02-02,21:43:00,12600 BLOCK MEDFORD RD,Vandalism/Criminal Mischief
202126012709,2021-04-18,13:48:00,1600 BLOCK N HOWARD ST,Theft from Vehicle
202106001592,2021-01-13,15:41:55,1300 BLOCK MARKET ST,Thefts
202106006083,2021-02-14,11:53:20,1000 BLOCK MARKET ST,Thefts
202106006141,2021-02-14,20:15:00,1000 BLOCK MARKET ST,Thefts
202124010679,2021-02-15,19:35:01,3200 BLOCK ARAMINGO AV,Vandalism/Criminal Mischief
202109000953,2021-01-11,12:42:46,2000 BLOCK PENNSYLVANIA AV,Thefts
202109000952,2021-01-11,13:03:56,2000 BLOCK PENNSYLVANIA AV,Thefts
202109000943,2021-01-11,11:16:00,2000 BLOCK PENNSYLVANIA AV,Thefts
202135017954,2021-03-09,15:47:41,4800 BLOCK N BROAD ST,Narcotic / Drug Law Violations
202112011225,2021-02-16,11:20:00,5600 BLOCK THOMAS AVE,Vandalism/Criminal Mischief
202112011359,2021-02-16,18:43:55,5600 BLOCK THOMAS AV,Arson
202116000075,2021-01-01,13:05:13,4000 BLOCK LANCASTER AV,Thefts
202135003547,2021-01-14,12:31:26,6400 BLOCK N 20TH ST,Robbery Firearm
202122022676,2021-04-19,16:36:00,2500 BLOCK N NEWKIRK ST,All Other Offenses
202109001274,2021-01-14,17:27:00,1700 BLOCK CHESTNUT ST,Thefts
202122022677,2021-04-19,16:48:00,2500 BLOCK N NEWKIRK ST,Other Assaults
202124000419,2021-01-02,21:24:00,4100 BLOCK G ST,Thefts
202114020513,2021-04-21,15:25:00,1300 BLOCK E JOHNSON ST,All Other Offenses
202118018383,2021-04-04,15:54:00,5100 BLOCK CATHARINE ST,Other Assaults
202112017431,2021-03-13,12:47:57,6400 BLOCK BUIST AV,Weapon Violations
202122005952,2021-01-30,11:59:00,1800 BLOCK N GRATZ ST,Vandalism/Criminal Mischief
202135028390,2021-04-18,23:42:00,1400 BLOCK CONLYN ST,Aggravated Assault Firearm
202114009268,2021-02-21,07:57:10,5600 BLOCK CHEW AV,Other Assaults
202135011532,2021-02-15,00:38:48,6600 BLOCK N 6TH ST,Fraud
202103040728,2021-09-03,10:23:00,300 BLOCK BAINBRIDGE ST,Theft from Vehicle
202109002335,2021-01-25,23:25:00,1900 BLOCK FAIRMOUNT AVE,Robbery No Firearm
202108012718,2021-04-26,12:16:00,65100 BLOCK DELAIRE LANDING RD,Fraud
202109011193,2021-04-18,13:58:00,2600 BLOCK PENNSYLVANIA AV,Theft from Vehicle
202125046832,2021-08-01,18:25:00,200 BLOCK W GLENWOOD AV,Robbery No Firearm
202103003199,2021-01-21,09:42:00,1600 BLOCK S CHRISTOPHER COLUMBUS BLVD,Thefts
202139053437,2021-10-06,11:00:00,0 BLOCK W LOGAN ST,Motor Vehicle Theft
202106001724,2021-01-14,15:56:47,1100 BLOCK CHESTNUT ST,Thefts
202108000961,2021-01-11,09:40:32,1300 BLOCK STEWARDS WAY,Burglary Residential
202106001705,2021-01-14,12:43:31,1100 BLOCK CHESTNUT ST,Thefts
202139008650,2021-02-18,13:45:18,2200 BLOCK W ALLEGHENY AV,Thefts
202139005981,2021-02-03,18:56:06,1600 BLOCK DOUNTON ST,Other Assaults
202106001720,2021-01-14,14:55:00,900 BLOCK MARKET ST,Thefts
202135000259,2021-01-01,21:55:07,5500 BLOCK OLD YORK RD,Aggravated Assault No Firearm
202112007423,2021-02-02,07:34:00,2200 BLOCK S 63RD ST,Other Assaults
202124068368,2021-10-12,06:14:00,2800 BLOCK ALMOND ST,Burglary Residential
202106012636,2021-03-31,17:51:00,1200 BLOCK WALNUT ST,Thefts
202124056875,2021-08-25,09:24:00,2200 BLOCK WHEATSHEAF LA,Thefts
202125010757,2021-02-21,16:48:48,700 BLOCK W LEHIGH AV,Robbery Firearm
202115071212,2021-09-27,14:04:00,4200 BLOCK Roosevelt Blvd,Robbery No Firearm
202126002822,2021-01-26,04:50:00,2500 BLOCK ARAMINGO AV,Thefts
202102006326,2021-02-15,07:42:15,900 BLOCK RIPLEY ST,Fraud
202135025794,2021-04-07,16:06:00,4900 BLOCK Rising Sun Ave,Aggravated Assault Firearm
202139004568,2021-01-26,15:59:07,1400 BLOCK W CLEARFIELD ST,Robbery Firearm
202124011919,2021-02-22,17:43:41,3100 BLOCK HARTVILLE ST,Other Assaults
202139009510,2021-02-23,19:33:43,3400 BLOCK N SYDENHAM ST 202,Other Assaults
202106001567,2021-01-13,12:38:00,400 BLOCK N 5TH ST,Thefts
202112007007,2021-01-30,21:56:28,6700 BLOCK LINMORE AV,Narcotic / Drug Law Violations
202112011283,2021-02-16,16:11:23,2700 BLOCK 55TH DR,Fraud
202139009513,2021-02-23,19:51:00,3700 BLOCK N BOUVIER ST,Vandalism/Criminal Mischief
202125005366,2021-01-26,11:13:16,400 BLOCK W INDIANA AV,Aggravated Assault No Firearm
202106014236,2021-04-11,19:49:00,500 BLOCK SPRING GARDEN ST,Thefts
202106010393,2021-03-16,10:48:14,900 BLOCK MARKET ST,Thefts
202125016025,2021-03-17,15:40:00,4700 BLOCK N 4TH ST,Fraud
202106006675,2021-02-18,13:35:55,1000 BLOCK MARKET ST,Thefts
202101000648,2021-01-13,10:38:33,2600 BLOCK S 20TH ST,Theft from Vehicle
202135015577,2021-03-01,09:16:35,4500 BLOCK OLD YORK RD,Burglary Residential
202112017390,2021-03-13,11:09:30,5400 BLOCK WILLOWS AV,Other Assaults
202124010102,2021-02-12,21:14:00,2700 BLOCK CORAL ST,Vandalism/Criminal Mischief
202115000184,2021-01-01,15:39:43,7200 BLOCK REVERE ST,Thefts
202118001823,2021-01-10,15:55:00,4200 BLOCK BALTIMORE AV,Theft from Vehicle
202119001771,2021-01-10,18:14:58,0 BLOCK N SALFORD ST,Aggravated Assault Firearm
202103001930,2021-01-13,18:44:09,2300 BLOCK S CHRISTOPHER COLUMBUS BLVD,Thefts
202139007615,2021-02-12,15:24:00,5100 BLOCK KEYSER ST,Vandalism/Criminal Mischief
202135002611,2021-01-11,02:40:47,6000 BLOCK N 17TH ST,Burglary Residential
202108006191,2021-03-01,04:56:00,9200 BLOCK FRANKFORD AVE,Thefts
202114005151,2021-01-30,13:44:15,6500 BLOCK N BEECHWOOD ST,Fraud
202102004074,2021-01-30,11:36:00,1200 BLOCK HALE ST,Vandalism/Criminal Mischief
202116012838,2021-04-13,13:58:00,300 BLOCK N 35th St,Vandalism/Criminal Mischief
202126008452,2021-03-17,16:12:00,2200 BLOCK N REESE ST,Vandalism/Criminal Mischief
202122013616,2021-03-09,19:56:27,2500 BLOCK N 12TH ST,Other Assaults
202125022594,2021-04-15,18:03:00,3500 BLOCK OLD YORK RD,Vandalism/Criminal Mischief
202124000231,2021-01-02,03:13:13,2600 BLOCK E ALLEGHENY AV,Burglary Non-Residential
202106015959,2021-04-24,05:13:00,1000 BLOCK RACE ST,Other Assaults
202106015960,2021-04-24,05:14:00,1000 BLOCK RACE ST,Other Assaults
202124013283,2021-02-28,16:51:19,3800 BLOCK ARAMINGO AV,Thefts
202125002182,2021-01-11,16:06:51,N BROAD ST  /  W CLEARFIELD ST,Aggravated Assault Firearm
202119015644,2021-03-20,16:46:00,1200 BLOCK N 52ND ST,Motor Vehicle Theft
202108006050,2021-02-27,22:57:00,12800 BLOCK MEDFORD RD,Other Assaults
202115012807,2021-02-22,18:31:06,4400 BLOCK FRANKFORD AV,Other Assaults
202102007180,2021-02-21,13:24:00,7300 BLOCK BUSTLETON AV 40,Thefts
202119021499,2021-04-16,13:23:00,5900 BLOCK ARCH ST,Theft from Vehicle
202109004483,2021-02-16,20:38:39,1500 BLOCK HAMILTON ST,Other Assaults
202118022311,2021-04-24,01:39:00,S 51ST ST & BALTIMORE AV ,DRIVING UNDER THE INFLUENCE
202126012490,2021-04-16,23:40:00,1000 BLOCK N DELAWARE AV,Robbery Firearm
202109008979,2021-03-29,03:44:52,1600 BLOCK OGDEN ST,Thefts
202107008867,2021-04-16,13:16:00,11000 BLOCK E ROOSEVELT BLVD,Thefts
202124015293,2021-03-09,02:12:47,2900 BLOCK KENSINGTON AV,All Other Offenses
202103017744,2021-04-19,09:54:00,700 BLOCK PATTISON AV,Theft from Vehicle
202177004900,2021-09-27,13:17:00,0 BLOCK PIA WAY,Thefts
202122010052,2021-02-21,15:51:00,1400 BLOCK N BROAD ST,Thefts
202135021358,2021-03-20,20:48:00,100 BLOCK W CHEW AVE,Motor Vehicle Theft
202102007446,2021-02-23,16:32:41,200 BLOCK HARTEL AV,Fraud
202102014091,2021-04-07,10:41:00,7400 BLOCK BUSTLETON AV,Thefts
202112005250,2021-01-24,16:22:49,2900 BLOCK S 84TH ST,Aggravated Assault No Firearm
202112009858,2021-02-11,11:00:00,6000 BLOCK REGENT ST,Other Assaults
202101002996,2021-02-23,09:59:51,2100 BLOCK OREGON AVE,Fraud
202126007454,2021-03-09,11:35:00,2600 BLOCK KENSINGTON AVE,All Other Offenses
202124017340,2021-03-17,11:53:24,3400 BLOCK SALMON ST,Weapon Violations
202126000152,2021-01-02,16:31:00,2300 BLOCK JASPER ST,Theft from Vehicle
202126026486,2021-08-01,15:22:00,100 BLOCK W OXFORD ST,Burglary Non-Residential
202109010996,2021-04-16,13:06:00,1900 BLOCK ARCH ST,Theft from Vehicle
202139009096,2021-02-21,09:35:14,3600 BLOCK N 19TH ST,Aggravated Assault Firearm
202101004627,2021-03-19,17:14:05,2600 BLOCK S 16TH ST,Other Assaults
202125009579,2021-02-15,11:01:31,3300 BLOCK B ST,Fraud
202126002311,2021-01-21,19:36:04,500 BLOCK W LEHIGH AV,Robbery No Firearm
202122002750,2021-01-14,17:37:38,W DAUPHIN ST  /  RIDGE AV,Aggravated Assault Firearm
202107003954,2021-02-16,22:50:10,9700 BLOCK BUSTLETON AV,Other Assaults
202109006515,2021-03-09,16:33:43,400 BLOCK N 18TH ST,Narcotic / Drug Law Violations
202118000128,2021-01-01,17:16:54,5600 BLOCK CHESTNUT ST,Thefts
202122011557,2021-02-28,10:10:00,1900 BLOCK N WOODSTOCK ST 220,Thefts
202124024669,2021-04-16,15:46:00,2900 BLOCK ROSEHILL ST,Theft from Vehicle
202124010615,2021-02-15,14:42:52,4200 BLOCK J ST,Fraud
202122017979,2021-03-29,08:30:00,2400 BLOCK W GLENWOOD AVE,Theft from Vehicle
202109011229,2021-04-18,19:30:00,1500 BLOCK SPRUCE ST,Thefts
202118015618,2021-03-22,18:09:00,600 BLOCK COBBS CREEK PKWY,DRIVING UNDER THE INFLUENCE
202116008916,2021-03-13,13:15:00,N 39TH ST  /  FOLSOM ST,All Other Offenses
202106006115,2021-02-14,17:35:09,1300 BLOCK MARKET ST,Robbery No Firearm
202118020216,2021-04-13,15:20:00,500 BLOCK S 59TH ST,Weapon Violations
202135024017,2021-03-31,14:07:00,1300 BLOCK W ALBANUS ST,Other Assaults
202108003366,2021-02-02,18:36:19,8000 BLOCK WALKER ST,Other Assaults
202114013969,2021-03-17,11:44:00,1600 BLOCK E WALNUT LN,Vandalism/Criminal Mischief
202112006817,2021-01-30,11:41:00,4900 BLOCK KINGSESSING AVE,All Other Offenses
202126007959,2021-03-13,12:07:00,1800 BLOCK N 6TH ST,Other Assaults
202122019629,2021-04-05,13:16:00,1900 BLOCK N MYRTLEWOOD ST,Vandalism/Criminal Mischief
202103003301,2021-01-21,20:45:00,300 BLOCK OREGON AV,Thefts
202118019687,2021-04-10,16:58:00,6100 BLOCK IRVING ST,Other Assaults
202115028597,2021-04-22,13:24:00,2800 BLOCK UNRUH AV,Motor Vehicle Theft
202112013937,2021-02-27,11:13:31,7000 BLOCK WOODLAND AV,Other Assaults
202135021837,2021-03-22,21:08:18,2000 BLOCK CHELTEN AV,All Other Offenses
202109007441,2021-03-17,12:01:00,2000 BLOCK GREEN ST,Vandalism/Criminal Mischief
202122011283,2021-02-27,09:01:09,2500 BLOCK N CHADWICK ST,Narcotic / Drug Law Violations
202115006432,2021-01-26,01:40:00,4800 BLOCK OXFORD AVE,Aggravated Assault Firearm
202102001343,2021-01-10,15:27:26,5600 BLOCK RISING SUN AV,Robbery No Firearm
202109002407,2021-01-26,16:49:00,1600 BLOCK CHESTNUT ST,Thefts
202124012987,2021-02-27,03:01:25,300 BLOCK E ALLEGHENY AV,DRIVING UNDER THE INFLUENCE
202119018699,2021-04-03,11:52:00,1900 BLOCK N 61ST ST,Fraud
202135002880,2021-01-11,23:34:00,100 BLOCK E OLNEY AVE,Thefts
202109008354,2021-03-24,11:06:00,1700 BLOCK CHESTNUT ST,Thefts
202119001788,2021-01-10,21:13:03,0 BLOCK N SALFORD ST,Aggravated Assault Firearm
202116001074,2021-01-10,18:11:02,N 42ND ST  /  HAVERFORD AV,Aggravated Assault Firearm
202122002136,2021-01-11,18:06:47,N 22ND ST  /  RIDGE AV,Robbery Firearm
202125009921,2021-02-16,21:29:40,3600 BLOCK N LAWRENCE ST,Weapon Violations
202125002212,2021-01-11,19:07:30,500 BLOCK W VENANGO ST,Burglary Residential
202139002334,2021-01-14,07:40:00,1400 BLOCK W PACIFIC ST,Theft from Vehicle
202139002335,2021-01-14,08:04:00,1400 BLOCK W PACIFIC ST,Theft from Vehicle
202114014723,2021-03-21,12:58:59,8400 BLOCK FAYETTE ST,Fraud
202106011533,2021-03-24,13:06:00,900 BLOCK MARKET ST,Thefts
202108000921,2021-01-10,18:14:35,8600 BLOCK DITMAN ST,Burglary Residential
202109001254,2021-01-14,13:55:00,200 BLOCK S BROAD ST,Thefts
202114012408,2021-03-09,10:22:21,6300 BLOCK STENTON AV,Weapon Violations
202126008421,2021-03-17,11:07:40,2600 BLOCK WEBB ST,All Other Offenses
202124003178,2021-01-14,10:19:00,3100 BLOCK KENSINGTON AVE,Robbery Firearm
202119016047,2021-03-22,13:31:55,5800 BLOCK WOODCREST AV,Fraud
202115000314,2021-01-02,12:47:00,4100 BLOCK SALEM ST,Theft from Vehicle
202115007784,2021-01-31,01:21:17,3000 BLOCK KNORR ST,All Other Offenses
202118005900,2021-01-30,16:10:00,5900 BLOCK HAZEL AVE,All Other Offenses
202126006122,2021-02-27,16:53:17,500 BLOCK W LEHIGH AV,All Other Offenses
202112004576,2021-01-21,18:25:00,2000 BLOCK CEMETERY AVE,Theft from Vehicle
202103013323,2021-03-24,16:29:28,2300 BLOCK S CHRISTOPHER COLUMBUS BLVD,Thefts
202114000134,2021-01-01,22:32:05,8800 BLOCK GERMANTOWN AV MED,Aggravated Assault Firearm
202119002474,2021-01-13,23:46:21,0 BLOCK N 56TH ST,Aggravated Assault No Firearm
202122001967,2021-01-10,19:26:00,2700 BLOCK W HUNTINGDON ST,Robbery Firearm
202139005351,2021-01-30,14:36:00,1700 BLOCK W ERIE AV,Vandalism/Criminal Mischief
202102017402,2021-04-28,23:36:00,500 BLOCK ALCOTT ST,Aggravated Assault No Firearm
202119002607,2021-01-14,18:21:51,900 BLOCK N 66TH ST,Rape
202125006892,2021-02-02,16:11:00,3500 BLOCK N BROAD ST,Fraud
202114000115,2021-01-01,19:33:58,7400 BLOCK OGONTZ AV,Thefts
202108000156,2021-01-02,20:49:00,11500 BLOCK E ROOSEVELT BLVD,Thefts
202107009712,2021-04-26,16:25:00,10800 BLOCK KELVIN AV,Other Assaults
202125022857,2021-04-16,18:30:00,100 BLOCK W LEHIGH AV,Theft from Vehicle
202125017175,2021-03-22,17:21:23,4500 BLOCK N FRONT ST,Fraud
202107002738,2021-02-03,19:09:42,13100 BLOCK BUSTLETON AV D24,Fraud
202103007061,2021-02-14,16:58:00,1900 BLOCK S WARNOCK ST,Vandalism/Criminal Mischief
202112026573,2021-04-17,19:28:00,7700 BLOCK LINDBERGH BLVD 1923,Thefts
202115023578,2021-04-03,17:47:00,4700 BLOCK LEIPER ST,All Other Offenses
202114001658,2021-01-11,00:44:30,5300 BLOCK MAGNOLIA ST,Aggravated Assault Firearm
202126030623,2021-09-03,13:44:00,2500 BLOCK TRENTON AV,Theft from Vehicle
202124015435,2021-03-09,17:44:56,3200 BLOCK KENSINGTON AV,Disorderly Conduct
202112016511,2021-03-09,22:54:42,6900 BLOCK GARMAN ST,Narcotic / Drug Law Violations
202124000474,2021-01-02,18:58:37,2300 BLOCK E BUTLER ST,Thefts
202117007240,2021-03-20,07:54:00,2100 BLOCK CARPENTER ST,Motor Vehicle Theft
202135029967,2021-04-26,03:05:00,5600 BLOCK OGONTZ AV,Theft from Vehicle
202116009806,2021-03-20,10:44:00,3800 BLOCK FAIRMOUNT AVE,Motor Vehicle Theft
202101004936,2021-03-24,07:01:00,2600 BLOCK S 18TH ST,Thefts
202114016354,2021-03-29,15:45:24,100 BLOCK W GORGAS LA,Aggravated Assault No Firearm
202112018342,2021-03-16,19:09:16,5600 BLOCK GREENWAY AVE,Aggravated Assault Firearm
202126003443,2021-02-01,17:42:00,2200 BLOCK N 10TH ST,Other Assaults
202125020760,2021-04-07,17:13:00,GERMANTOWN AV  & RISING SUN AV ,Robbery Firearm
202139046891,2021-09-02,05:55:00,W INDIANA AV  & N BROAD ST ,Robbery Firearm
202101004968,2021-03-24,19:02:35,2300 BLOCK OREGON AV,Thefts
202124018151,2021-03-20,16:17:00,I 95 EXIT 25,Motor Vehicle Theft
202122005028,2021-01-25,14:40:21,N 16TH ST  /  W HUNTINGDON ST,Aggravated Assault Firearm
202126008836,2021-03-20,16:38:00,2200 BLOCK N HOWARD ST,Motor Vehicle Theft
202135019497,2021-03-14,15:49:00,1100 BLOCK W SPENCER AVE,Thefts
